NAME,HETNAME,SELECTED,RA,DEC,DDIST,DISTERR,MBH,DMBH,UPPERLIMIT,SIG,DSIG,LK,DLK,R50,DR50,LKOR,DLKOR,C28,DC28,LAGN,DLAGN,CR50LK,CR50C28,CLKC28,CLKORC28,TYPE,REF,HETMGSSIG,HETMGSDSIG,Z,DZ,SCALE
MW,MW,-3,-1234,-1234,0.008,0.001,6.632999897,0.048,0,2.004499912,0.0854,-1234,nan,-1234,nan,-1234,nan,-1234,nan,-1234,nan,-1234,-1234,-1234,-1234,star,"ghez08,gillessen09",-1234,-1234,nan,nan,nan
A1836BCG,PGC049940,1,210.4244385,-11.60698986,152.3999939,8.425999641,9.572999954,0.061000001,0,2.458899975,0.0211,11.74576187,0.0619631,0.894908607,0.063582703,10.85085583,0.0388202,4.901415348,0.458298504,-8.304242134,8.60E-06,0.0031876,0.017033599,0.0133393,-0.0036943,gas,dalla-bonta09,245.1000061,16.60000038,0.03669,0.00004,0.733
A3565BCG,IC4296,1,204.1627197,-33.96591568,49.20000076,3.628000021,9.11400032,0.072999999,0,2.5072999,0.021600001,11.83047104,0.074968301,0.977801085,0.061846599,10.85266685,0.039936099,5.302917957,0.217240497,-9.301697731,3.80E-06,0.0039252,0.008929,0.0048756,-0.0040533,gas,dalla-bonta09,-1234,-1234,0.01247,0.00003,0.257
Circinus,ESO097-013,1,213.2913055,-65.33899689,2.819999933,0.469999999,6.05700016,0.104999997,0,2.195800066,0.049699999,10.21880245,0.117883801,0.176689804,0.125314206,10.04211044,0.089549497,6.731403828,0.617741227,-11.91258812,9.60E-06,0.0107906,0.063507698,0.023966299,-0.0395413,maser,greenhill03,-1234,-1234,0.00145,0.00001,0.03
IC1459,IC1459,1,344.2945251,-36.46247864,28.92000008,3.739000082,9.394000053,0.079000004,0,2.531500101,0.0221,11.64036179,0.105521299,0.799116313,0.077636197,10.84124374,0.050792601,5.935264111,0.276822388,-9.762447357,6.70E-06,0.0072911,0.01519,0.0118755,-0.0033145,star,cappellari02,-1234,-1234,0.00601,0.00004,0.125
NGC0221,NGC0221,1,10.67426968,40.86516953,0.805000007,0.029999999,6.388999939,0.193000004,0,1.87469995,0.0174,9.110001564,0.040655401,-0.902832627,0.0408081,10.0128336,0.023189601,4.9769907,0.318778187,-12.88163662,4.80E-06,0.0013902,0.0112423,0.0072654,-0.0039769,star,vdb10,63.40000153,12.39999962,-0.00071,0.00001,-0.015
NGC0224,NGC0224,-3,10.68480015,41.26887894,0.773999989,0.032000002,8.154999733,0.160999998,0,2.20359993,0.0217,10.69064331,0,0.220848903,0,10.56654167,0.0395354,4.166924,0.388351709,-12.91576767,1.15E-05,0.0058523,-0.0072331,-0.0117392,-0.0045062,star,bender05,185.3000031,3.400000095,-0.001,0,-0.021
NGC0524,NGC0524,1,21.19877815,9.53879261,24.21999931,2.233999968,8.937999725,0.052999999,0,2.370500088,0.0222,11.29379272,0.081241801,0.555525005,0.069100402,10.73826885,0.0440837,4.749590397,0.3559241,-9.922974586,6.70E-06,0.0047159,0.0181504,0.0096825,-0.0084679,star,krajnovic09,244.6000061,5.199999809,0.00802,0.00002,0.166
NGC0821,NGC0821,1,32.08812332,10.99487019,23.44000053,1.837000012,8.217000008,0.209999993,0,2.319600105,0.0208,11.13510895,0.084888399,0.823700786,0.094333,10.311409,0.051831499,5.850487709,0.285317391,-9.953904152,8.60E-06,0.0067091,0.0160881,0.0082434,-0.0078447,star,schulze11,214.8999939,6.800000191,0.00579,0.00001,0.12
NGC1023,NGC1023,1,40.10005188,39.0632515,10.81000042,0.796999991,7.616000175,0.055,0,2.221999884,0.021199999,10.9388504,0.074661002,0.492091089,0.096489601,10.44675827,0.057311598,5.923914909,0.388258994,-10.62389755,4.80E-06,0.0057999,0.032607399,0.015956201,-0.0166511,star,bower01,211,3.200000048,0.00212,0.00001,0.044
NGC1194,NGC1194,1,45.95458221,-1.103608966,57.97999954,6.298999786,7.849999905,0.050999999,0,2.170000076,0.07,11.06203747,0.086385399,0.739411116,0.061916102,10.32262897,0.051109798,5.797703743,0.361462504,9.536478996,1.889500022,0.0043419,0.0101442,0.0042034,-0.0059408,maser,kuo11,170.8000031,4.900000095,0.01363,0.00001,0.28
NGC1300,NGC1300,0,49.92134857,-19.41110039,21.5,9.383999825,7.877999783,0.342999995,0,2.338000059,0.0199,11.04512691,0.339172512,1.094331264,0.1726868,9.950795174,0.171858504,3.382808208,0.397704393,-10.02235126,4.80E-06,0.057661701,0.0047639,0.0036004,-0.0011635,gas,atkinson05,-1234,-1234,0.00526,0.00001,0.109
NGC1316,NGC1316,1,50.67412186,-37.20819855,18.60000038,0.600000024,8.175999641,0.254000008,0,2.353600025,0.021199999,11.90840721,0.064411499,1.200504661,0.129388303,10.70790386,0.073038101,6.018314838,0.253543198,-10.14787292,1.34E-05,0.0077778,0.0124181,0.0061461,-0.006272,star,nowak08,-1234,-1234,0.00601,0.00001,0.125
NGC1332,NGC1332,1,51.57217026,-21.33536911,22.29999924,1.850999951,8.828499794,0.041900001,0,2.515399933,0.021199999,11.31476212,0.082240798,0.675197601,0.1186551,10.63956261,0.062999003,6.851022243,0.633676112,-9.990721703,2.90E-06,0.0084369,0.071425803,0.0381235,-0.033302199,CO,barth16b,-1234,-1234,0.0054,0.00002,0.112
NGC1374,NGC1374,1,53.81915665,-35.22624969,19.22999954,0.654999971,8.762999535,0.061999999,0,2.307499886,0.022500001,10.67438602,0.0268487,0.237075701,0.025050901,10.43731308,0.0210329,5.216870785,0.284779787,-10.11822605,2.90E-06,0.000453,0.002095,0.0013848,-0.0007102,star,rusli13,-1234,-1234,0.00432,0.00001,0.09
NGC1399,NGC1399,1,54.62118149,-35.45074081,20.85000038,0.671999991,8.944999695,0.305999994,0,2.52760005,0.022,11.53859043,0.053751901,0.743366301,0.092837602,10.79522324,0.048420802,5.578610897,0.378386497,-10.04765415,1.15E-05,0.0045818,0.032969698,0.0167963,-0.0161734,star,"gebhardt07,houghton06",-1234,-1234,0.00475,0.00001,0.099
NGC1407,NGC1407,1,55.04959869,-18.58037949,28.04999924,3.367000103,9.652999878,0.079000004,0,2.451800108,0.0222,11.72316742,0.118665002,0.972934484,0.109921403,10.75023174,0.076771103,5.423727036,0.477877706,-9.793697357,1.05E-05,0.0101351,0.0420136,0.017690999,-0.0243227,star,rusli13,-1234,-1234,0.00593,0.00003,0.123
NGC1550,NGC1551,1,64.90800476,2.409883022,51.56999969,5.603000164,9.56799984,0.067000002,0,2.480000019,0.021199999,11.31958008,0.096509598,0.661172926,0.082997903,10.65841103,0.047621101,5.770559788,0.391279399,-9.266841888,1.05E-05,0.0069675,0.0193354,0.0136454,-0.00569,star,rusli13,334.5,9.899999619,0.0124,0.00006,0.255
NGC2273,NGC2273,1,102.5360947,60.8456955,29.5,1.902999997,6.934999943,0.035999998,0,2.160000086,0.050099999,10.98016453,0.073713303,0.6034832,0.089733802,10.37667942,0.049399,5.8139081,0.479293615,0.447810203,9.275406837,0.0055228,0.030306,0.016779199,-0.0135267,maser,kuo11,112.5,6.599999905,0.00614,0.00001,0.127
NGC2549,NGC2549,1,124.7431107,57.80310822,12.69999981,1.64199996,7.160999775,0.367000014,0,2.15199995,0.021199999,10.2857542,0.100285001,0.046309099,0.053398799,10.23944569,0.053410701,5.352852821,0.235755995,-10.48405361,1.25E-05,0.0050279,0.0016567,0.001241,-0.0004157,star,krajnovic09,147.5,3.799999952,0.00351,0.00002,0.073
NGC2787,NGC2787,1,139.82724,69.20339966,7.449999809,1.241000056,7.610000134,0.088,0,2.276000023,0.0207,10.21001434,0.126496106,-0.016518399,0.073812902,10.22653198,0.064621396,4.937914848,0.298095703,-10.9538126,5.80E-06,0.0086368,0.0103263,0.0069206,-0.0034057,gas,sarzi01,205,6.300000191,0.00232,0.00003,0.048
NGC2960,NGC2960,1,145.1515656,3.576934099,67.09999847,7.119999886,7.032999992,0.048999999,0,2.178999901,0.023499999,11.14211082,0.089421898,0.730169415,0.079154499,10.41193771,0.082638003,5.68740797,0.340846896,10.02066994,0.106795497,0.0037163,0.0070021,0.0045639,-0.0024381,maser,"kuo11,vdb15",155.1999969,4.199999809,0.0165,0.00002,0.338
NGC3031,NGC3031,1,148.8880463,69.06543732,3.604000092,0.133000001,7.813000202,0.128999993,0,2.154799938,0.021299999,10.92515659,0.080263197,0.44194299,0.109628402,10.48321819,0.0402354,4.973245621,0.30849421,-11.5807972,1.25E-05,0.0084208,0.030135799,0.0199956,-0.0101402,gas,devereux03,-1234,-1234,-0.00013,0.00001,-0.003
NGC3091,NGC3091,1,150.0588531,-19.63647652,51.25,8.295999527,9.555999756,0.071999997,0,2.486599922,0.021199999,11.61523151,0.115754098,0.88528353,0.088327803,10.72994709,0.065694302,5.704044819,0.363184899,-9.264359474,8.60E-06,0.0084425,0.024232101,0.016066501,-0.0081656,star,rusli13,-1234,-1234,0.01322,0.00003,0.272
NGC3115,NGC3115,1,151.3082428,-7.718579769,9.539999962,0.395999998,8.953000069,0.094999999,0,2.361200094,0.0208,10.98362064,0.044663802,0.422392786,0.064294197,10.5612278,0.034374502,5.439749718,0.250559688,-10.73150349,2.90E-06,0.0024735,0.0102,0.0052027,-0.0049973,star,emsellem99,286.2000122,2.400000095,0.00221,0.00001,0.046
NGC3227,NGC3227,1,155.877533,19.86495018,23.75,2.630000114,7.322000027,0.231999993,0,2.122100115,0.039299998,11.21019363,0.130261406,1.029666185,0.138138905,10.18052959,0.064022303,4.881980419,0.422724187,9.509814262,0.1229605,0.015975799,0.041848999,0.0300589,-0.01179,star,davies06,141.8000031,11,0.00376,0.00001,0.078
NGC3245,NGC3245,1,156.8265228,28.50743484,21.37999916,1.972000003,8.378000259,0.114,0,2.247999907,0.021199999,10.85968971,0.085206598,0.386236101,0.053043298,10.47345829,0.048555899,5.463761806,0.264197707,9.261610985,0.145773903,0.003858,0.0017386,-0.001274,-0.0030126,gas,barth01,205.6999969,4.199999809,0.00442,0.00002,0.092
NGC3368,NGC3368,1,161.6905975,11.81993961,10.39999962,0.958999991,6.875,0.075999998,0,2.083699942,0.092399999,10.95322418,0.072351404,0.488596112,0.0578213,10.46463013,0.0461464,5.666915417,0.358509392,-10.65448284,1.00E-06,0.0032243,0.015798699,0.0055305,-0.0102682,star,nowak10,124.6999969,4.300000191,0.00296,0,0.062
NGC3377,NGC3377,1,161.9266663,13.98563957,10.98999977,0.456,8.25,0.252999991,0,2.10800004,0.021199999,10.51800537,0.064553201,0.361274004,0.111524001,10.15673161,0.060207501,5.888342857,0.424720407,-10.60722542,4.80E-06,0.0064899,0.042426601,0.019722501,-0.0227041,star,schulze11,150.3999939,4,0.00222,0.00001,0.046
NGC3379,NGC3379,1,161.956665,12.58162975,10.69999981,0.541999996,8.619000435,0.112999998,0,2.269000053,0.021199999,11.01171398,0.064776704,0.480746508,0.094650798,10.53096962,0.046617098,6.344940186,0.520038128,-10.62964249,1.15E-05,0.0054908,0.046483301,0.025956299,-0.020527,star,vdb10,222.3999939,3.099999905,0.00304,0.00001,0.063
NGC3384,NGC3384,1,162.0704041,12.62930012,11.48999977,0.740999997,7.032999992,0.214000002,0,2.140000105,0.021199999,10.85286331,0.088164702,0.492290705,0.209277898,10.36057663,0.137402907,7.107660294,0.694328129,-10.56786728,9.60E-06,0.0163454,0.125216901,0.044562999,-0.080654003,star,schulze11,-1234,-1234,0.00235,0.00001,0.049
NGC3393,NGC3393,1,162.0977783,-25.16202927,49.20000076,8.194000244,7.196000099,0.330000013,0,2.170000076,0.030099999,11.15442181,0.151081994,0.782320082,0.109006099,10.37210178,0.087627597,5.820449352,0.420490503,9.515089989,0.1355194,0.0135148,0.0248501,0.020381199,-0.0044689,maser,kondratko08,-1234,-1234,0.01251,0.00002,0.257
NGC3489,NGC3489,1,165.0774536,13.90125847,12.10000038,0.837000012,6.777999878,0.050999999,0,2.005000114,0.021199999,10.60298252,0.065883398,0.181800902,0.083882101,10.42118454,0.0586509,5.900220871,0.53291291,9.145332336,0.048595302,0.0039685,0.038972199,0.0129388,-0.026033301,star,nowak10,105.1999969,5.599999905,0.00226,0.00001,0.047
NGC3585,NGC3585,1,168.3212891,-26.75498962,20.51000023,1.702000022,8.517000198,0.127000004,0,2.327899933,0.020400001,11.4181776,0.066855699,0.803373873,0.065896399,10.6147995,0.040339701,5.745500088,0.277737498,-10.06639099,1.44E-05,0.0035924,0.0135384,0.0076234,-0.005915,star,gultekin09,-1234,-1234,0.00478,0.00004,0.099
NGC3607,NGC3607,1,169.2277374,18.05180931,22.64999962,1.774999976,8.137000084,0.157000005,0,2.315000057,0.021199999,11.34779549,0.072704203,0.602242112,0.085374899,10.74555397,0.052487701,5.766411304,0.492970914,-9.976122856,5.80E-06,0.0049099,0.038333401,0.019633099,-0.0187004,star,gultekin09,226.3000031,3.700000048,0.0031,0.00001,0.064
NGC3608,NGC3608,1,169.245697,18.14853096,22.75,1.468000054,8.666999817,0.097999997,0,2.227999926,0.021199999,10.92172718,0.065325797,0.466283113,0.059503101,10.4554472,0.037177298,5.537170887,0.260917097,-9.972286224,1.05E-05,0.003213,0.0119325,0.0079596,-0.0039729,star,schulze11,197.6000061,3.299999952,0.00418,0.00002,0.087
NGC3842,NGC3842,1,176.0090485,19.94981956,92.19999695,10.63799953,9.958999634,0.138999999,0,2.43930006,0.022500001,11.8088026,0.107780598,1.114012003,0.065485299,10.69479084,0.057679299,5.383582592,0.238292396,-8.74614048,6.70E-06,0.006289,0.0061363,0.0023013,-0.003835,star,mcconnell11a,295.2000122,9.300000191,0.02079,0.00001,0.423
NGC3998,NGC3998,1,179.4840393,55.45356369,14.30000019,1.253000021,8.927000046,0.052000001,0,2.349999905,0.021199999,10.70891762,0.070835702,0.107486002,0.064359501,10.60143089,0.052018002,5.64464426,0.308520198,9.147119522,0.273685485,0.003227,0.0066329,0.0022483,-0.0043845,star,walsh12,322.6000061,3.400000095,0.0035,0.00002,0.073
NGC4026,NGC4026,1,179.85495,50.961689,13.35000038,1.725999951,8.255000114,0.123000003,0,2.194999933,0.021199999,10.55221939,0.109994501,0.216844901,0.068660803,10.33536911,0.068888001,6.044744492,0.349565804,-10.43683338,1.05E-05,0.0060338,0.0083631,-0.0024121,-0.0107752,star,gultekin09,186.6999969,3.5,0.00329,0.00002,0.068
NGC4258,NGC4258,1,184.7398529,47.30382156,7.269999981,0.503000021,7.577000141,0.029999999,0,2.059000015,0.037900001,10.89709568,0.082296699,0.638587773,0.0754354,10.25850964,0.031735402,4.084557056,0.337655008,8.527037621,0.067702502,0.0057281,0.019362699,0.016251501,-0.0031111,maser,herrnstein05,119.1999969,5.800000191,0.00154,0,0.032
NGC4261,NGC4261,1,184.8469238,5.824709892,32.36000061,2.835000038,8.722999573,0.097000003,0,2.424000025,0.021199999,11.60357761,0.089001097,0.859644771,0.117637902,10.74393177,0.062541798,5.511506557,0.518379629,-9.664488792,3.80E-06,0.0089242,0.0564746,0.0306269,-0.025847699,gas,ferrarese96,314,4.099999905,0.00726,0.00001,0.15
NGC4291,NGC4291,1,185.0737457,75.37096405,26.57999992,3.930999994,8.989999771,0.155000001,0,2.383300066,0.021600001,10.94503021,0.133773401,0.443175793,0.114109702,10.50185204,0.080075897,6.811953545,0.532234073,-9.837891579,0,0.0122521,0.040540501,0.0230127,-0.0175278,star,schulze11,-1234,-1234,0.00586,0.00008,0.122
NGC4342,NGC43420.00254,1,185.9125977,7.053936005,22.90999985,1.371999979,8.656000137,0.187999994,0,2.384000063,0.021199999,10.43977547,0.052795701,-0.237244904,0.055265501,10.67702007,0.044174299,8.64282608,3.588334799,-9.966124535,1.90E-06,0.0019451,0.0133075,-0.0125646,-0.025872201,star,cretton99,274.1000061,2.700000048,0.00254,0.0002,0.053
NGC4374,NGC4374,1,186.2657471,12.88696003,18.51000023,0.597000003,8.965999603,0.046,0,2.411999941,0.021199999,11.40366936,0.0306936,0.567157209,0.030794499,10.83651352,0.0167177,4.982989788,0.164049298,-10.15375996,7.70E-06,0.0008055,0.0036146,0.0024552,-0.0011594,gas,walsh10,-1234,-1234,0.00339,0.00002,0.071
NGC4388,NGC4388,1,186.4450836,12.66207027,16.53000069,1.600999951,6.863999844,0.043000001,0,2.029999971,0.029999999,10.71534061,0.083564602,0.754842222,0.079241402,9.960502625,0.0514489,5.236210346,0.462576598,8.707501411,0.050528899,0.0053076,0.029536201,0.014164,-0.0153722,maser,kuo11,105.6999969,9.800000191,0.00842,0,0.174
NGC4459,NGC4459,1,187.2501068,13.97858047,16.01000023,0.515999973,7.842999935,0.086000003,0,2.198999882,0.021199999,10.94287014,0.037578799,0.416006893,0.0557965,10.52686405,0.032616701,5.757625103,0.288420588,-10.28069687,9.60E-06,0.0017308,0.0140473,0.0068337,-0.0072136,gas,sarzi01,174.1000061,5.800000191,0.00398,0.00002,0.083
NGC4472,NGC4472,1,187.4449921,8.00041008,17.13999939,0.592000008,9.397999763,0.037,0,2.398000002,0.021199999,11.74989128,0.0704346,0.894752681,0.105550103,10.85513687,0.044794399,5.189882755,0.642237425,-10.21922398,1.15E-05,0.0070477,0.0645184,0.038622599,-0.025895899,star,rusli13,-1234,-1234,0.00327,0.00002,0.068
NGC4473,NGC4473,1,187.4536591,13.42932034,15.25,0.492000014,7.953999996,0.238999993,0,2.270999908,0.021199999,10.88927746,0.033126201,0.378430903,0.053348102,10.51084805,0.034817599,5.839307308,0.294135809,-10.32153225,2.90E-06,0.0013655,0.0121369,0.0047211,-0.0074158,star,schulze11,185.8999939,4,0.00749,0.00001,0.155
NGC4486,NGC4486,1,187.7059326,12.39109993,16.68000031,0.61500001,9.576000214,0.098099999,0,2.421999931,0.021199999,11.61412048,0.051065601,0.822361112,0.072287597,10.79176331,0.034924898,5.69214344,0.570206285,7.569194794,4.130260468,0.0033067,0.0372843,0.0200096,-0.0172747,gas,walsh13,-1234,-1234,0.00428,0.00002,0.089
NGC4486A,NGC4486A,1,187.7405396,12.27036095,16,0.515999973,7.099999905,0.147,0,2.09100008,0.021199999,10.07861614,0.046769399,-0.187414393,0.058770299,10.26603031,0.032673199,4.948865891,0.672986507,-10.27929592,3.80E-06,0.0022869,0.0241076,0.0175668,-0.0065409,star,nowak07,82.40000153,16.89999962,0.00253,0.00002,0.053
NGC4526,NGC4526,1,188.512619,7.699140072,16.44000053,1.786000013,8.654000282,0.123999998,0,2.319999933,0.021199999,11.22116661,0.087409802,0.54114902,0.0963457,10.68001842,0.069675602,5.634617329,0.599494219,-10.25555038,1.05E-05,0.0060341,0.0492438,0.017028799,-0.032214899,gas,davis13a,-1234,-1234,0.00206,0.00002,0.043
NGC4564,NGC4564,1,189.1124725,11.43931961,15.93999958,0.513999999,7.945000172,0.123999998,0,2.188999891,0.021199999,10.66899872,0.041628499,0.419939607,0.0581333,10.24905968,0.029433601,6.488511562,0.300131291,-10.28355503,1.05E-05,0.002123,0.0107095,0.0064126,-0.0042969,star,schulze11,174,3.400000095,0.00381,0.00001,0.079
NGC4594,NGC4594,1,189.9976501,-11.62300968,9.869999886,0.819000006,8.822999954,0.045000002,0,2.380199909,0.022700001,11.39311028,0.084107198,0.737141371,0.078048997,10.65596962,0.041201599,4.155604362,0.241611794,-10.70222664,1.05E-05,0.005734,0.0070297,0.0036851,-0.0033447,star,jardel11,-1234,-1234,0.00342,0.00002,0.071
NGC4596,NGC4596,1,189.9830627,10.17603111,16.53000069,6.229000092,7.885000229,0.25999999,0,2.098999977,0.021199999,10.97054291,0.260590911,0.701154828,0.155358598,10.26939011,0.136770397,5.271024704,0.317962289,-10.25078964,5.80E-06,0.0366689,0.018125599,0.0097817,-0.0083438,gas,sarzi01,-1234,-1234,0.00631,0.00002,0.131
NGC4649,NGC4649,1,190.9167023,11.5526104,16.45999908,0.606999993,9.673999786,0.098999999,0,2.427999973,0.021199999,11.66217995,0.055620901,0.896732688,0.097340301,10.76544285,0.051672999,5.753437996,0.491708785,-10.25483418,6.70E-06,0.0049494,0.045188099,0.023140799,-0.0220474,star,shen10,364.5,4,0.0037,0.00002,0.077
NGC4697,NGC4697,1,192.1496124,-5.800849915,12.53999996,0.404000014,8.305000305,0.112000003,0,2.229000092,0.021199999,11.08380127,0.048548799,0.637442589,0.068217203,10.44635868,0.031680599,4.901846409,0.2933321,-10.49206448,6.70E-06,0.0030035,0.0180838,0.0105757,-0.007508,star,schulze11,-1234,-1234,0.00414,0.00001,0.086
NGC4736,NGC4736,0,192.7214508,41.12015152,4.5,0.786000013,6.784999847,0.123000003,0,2.048599958,0.0233,10.66740417,0.157527,0.0032103,0.1210187,10.66419411,0.093935102,6.166413307,0.526311219,-1.671274781,9.860876083,0.0153182,0.047536399,0.0212759,-0.026260501,star,kormendy11,120.8000031,4.400000095,0.00103,0,0.021
NGC4751,NGC4751,1,193.2116699,-42.6599617,26.92000008,2.924999952,9.145999908,0.056000002,0,2.549700022,0.022,10.95205116,0.089810699,0.519544482,0.070811503,10.43250275,0.051889401,6.370010853,0.403234214,-9.834151268,1.34E-05,0.0051939,0.017323401,0.0080334,-0.00929,star,rusli13,-1234,-1234,0.00698,0.00015,0.145
NGC4826,NGC4826,0,194.1820679,21.68265915,5.199999809,1.177000046,6.046999931,0.130999997,0,1.981699944,0.022600001,10.7117157,0.187674105,0.376160711,0.115249597,10.33555412,0.0933806,4.705836296,0.414742798,-11.07855701,1.79275167,0.019892,0.0274489,0.017550001,-0.0098989,star,kormendy11,90.90000153,6,0.00136,0.00001,0.028
NGC4889,NGC4884,1,195.0337372,27.97702408,102,5.169000149,10.31999969,0.437000006,0,2.556299925,0.021299999,12.12768459,0.051418498,1.33935535,0.046446498,10.78833103,0.0299611,5.628843784,0.218116894,-8.655869484,3.80E-06,0.0019517,0.007928,0.0047689,-0.0031591,star,mcconnell11a,386.2000122,8.899999619,0.0215,0.00001,0.437
NGC5077,NGC5077,1,199.8817749,-12.65702343,38.70000076,8.442000389,8.93200016,0.268000007,0,2.345799923,0.021500001,11.26341343,0.156114101,0.519086719,0.080797501,10.7443285,0.081376702,5.139341354,0.296806306,-9.510741234,5.80E-06,0.0121388,0.0034282,0.0008944,-0.0025337,gas,de-francesco08,-1234,-1234,0.00936,0.00007,0.193
NGC5128,NGC5128,1,201.3672028,-43.01811981,3.619999886,0.200000003,7.755000114,0.083999999,0,2.175600052,0.020300001,11.03808689,0.055194698,0.410741299,0.061556701,10.62734509,0.0337607,4.911558628,0.351283908,-5.051332474,8.876050949,0.0028479,0.0109398,0.0066368,-0.0043031,star,cappellari09,-1234,-1234,0.00183,0.00002,0.038
NGC5328,NGC5328,1,208.2221375,-28.48927116,64.09999847,6.964000225,9.671999931,0.158000007,0,2.521899939,0.0222,11.70925522,0.092318296,0.944976628,0.055218901,10.76427746,0.0523143,5.967348099,0.257133812,-9.069701195,1.90E-06,0.0044175,0.005412,0.0001504,-0.0052616,star,rusli13,-1234,-1234,0.01581,0.00002,0.324
NGC5516,NGC5516,1,213.9778137,-48.11488342,58.43999863,6.348999977,9.519000053,0.057999998,0,2.484100103,0.037,11.83232784,0.091696098,1.297642946,0.090662397,10.53468609,0.062719598,6.33907938,0.180972695,-9.162781715,4.80E-06,0.006347,0.0103114,0.0039417,-0.0063697,star,rusli13,-1234,-1234,0.01375,0.00007,0.282
NGC5576,NGC5576,1,215.2653809,3.271049023,25.68000031,1.656999946,8.43599987,0.126000002,0,2.190999985,0.021199999,11.17947483,0.0608126,0.68770647,0.0663004,10.49176407,0.043921601,6.700919151,0.264087707,-9.867505074,6.70E-06,0.0030824,0.0081803,0.0039906,-0.0041897,star,gultekin09,193.3000031,3.5,0.00502,0.00002,0.104
NGC5845,NGC5845,1,226.5032806,1.633823991,25.87000084,4.066999912,8.687999725,0.157000005,0,2.357000113,0.021199999,10.52536488,0.133414805,-0.314950198,0.100884199,10.84031868,0.0865748,5.186285973,1.222130537,-9.862963676,4.80E-06,0.010241,0.0001607,0.0220892,0.021928599,star,schulze11,248.3000031,3.799999952,0.00555,0.00001,0.115
NGC6086,NGC6086,1,243.1480865,29.48484993,138,11.45199966,9.572999954,0.166999996,0,2.501899958,0.0219,11.86641312,0.077944197,1.198224425,0.078678899,10.66819,0.061645899,6.190186024,0.394023001,-8.390304565,6.70E-06,0.0042327,0.0197275,0.0055298,-0.0141977,star,mcconnell11,319.6000061,8.199999809,0.03131,0.00005,0.63
NGC6251,NGC6251,1,248.132309,82.53793335,108.4000015,8.99600029,8.788000107,0.155000001,0,2.461899996,0.021,11.94641209,0.072679602,1.132518291,0.071439199,10.81389904,0.0502868,5.845141411,0.329858214,-8.608763695,5.80E-06,0.0039286,0.016786801,0.0080434,-0.0087434,gas,ferrarese99,-1234,-1234,0.02471,0.00007,0.501
NGC6264,NGC6264,-3,-1234,-1234,147.6000061,16.03499985,7.488999844,0.046999998,0,2.200000048,0.040100001,11.16814613,0,0.963994682,0,-1234,nan,-1234,nan,-1234,nan,-1234,-1234,-1234,-1234,maser,kuo11,-1234,-1234,0.03384,0.00001,0.679
NGC6323,NGC6323,1,258.3252563,43.78233337,113.4000015,12.31999969,7.004000187,0.048,0,2.200000048,0.07,11.24774933,0.092788696,0.907281816,0.051761098,10.34047127,0.0462588,3.282195091,0.237831995,9.44509697,0.135939598,0.0045745,0.0029057,0.0037844,0.0008787,maser,kuo11,144.1999969,6.599999905,0.02567,0.00004,0.52
NGC6861,NGC6861,1,301.8311768,-48.37026215,27.29999924,4.546999931,9.300999641,0.083999999,0,2.589400053,0.021199999,11.14311123,0.129881397,0.323921502,0.076343298,10.81918907,0.0727126,5.328427792,0.351801515,-9.816088676,4.80E-06,0.0087052,0.0099906,0.005261,-0.0047296,star,rusli13,-1234,-1234,0.00944,0.00006,0.195
NGC7052,NGC7052,1,319.6376953,26.44684792,70.40000153,8.449000359,8.597999573,0.230000004,0,2.424400091,0.021199999,11.67539024,0.092301004,0.995315611,0.054785799,10.68007851,0.0529956,5.716679096,0.313480198,-8.992369652,6.70E-06,0.0043562,0.0073771,0.0008965,-0.0064806,gas,van-der-marel98,313.8999939,6.199999809,0.01558,0.00003,0.319
NGC7582,NGC7582,1,349.5984192,-42.37057114,22.29999924,9.845000267,7.741000175,0.204999998,0,2.189899921,0.053199999,11.2149744,0.322543502,0.885321498,0.1891803,10.32965088,0.160198897,6.620319366,0.421404094,-9.989123344,4.80E-06,0.0570799,-0.034074999,-0.026227901,0.0078471,gas,wold06,-1234,-1234,0.00525,0.00002,0.109
NGC7619,NGC7619,1,350.0605164,8.206285477,51.52000046,7.380000114,9.397999763,0.108000003,0,2.510499954,0.0222,11.65758896,0.121704303,0.871437907,0.091209397,10.78615093,0.069321699,5.842862606,0.365635514,-9.262940407,1.90E-06,0.0091628,0.022478299,0.0096912,-0.0127871,star,rusli13,330.6000061,5,0.01255,0.00002,0.258
NGC7768,NGC7768,1,357.7441406,27.14742661,116,27.49500084,9.126999855,0.180999994,0,2.423199892,0.022,11.91275406,0.194970205,1.154565692,0.123909101,10.75819016,0.104704902,5.666060925,0.37576431,-8.54455471,3.80E-06,0.021201899,0.025676699,0.013204,-0.0124727,star,mcconnell12,267.1000061,7.699999809,0.02671,0.00005,0.54
UGC3789,UGC03789,1,109.8787155,59.35513306,49.90000153,5.421000004,6.985000134,0.085000001,0,2.029999971,0.050000001,11.01255703,0.1153569,0.662809789,0.113665,10.3497448,0.052094001,5.687438965,0.500358105,-9.289615631,7.70E-06,0.0117566,0.030231901,0.0247452,-0.0054867,maser,kuo11,127.5,6.699999809,0.01062,0.00003,0.219
CygnusA,PGC063932,1,299.868042,40.73396301,257.1000061,25.70999908,9.405099869,0.126399994,0,2.430799961,0.022500001,12.23630142,0.103741802,1.464233398,0.081785999,10.77206898,0.052162901,4.350995064,0.440189511,-7.861998081,3.80E-06,0.0073652,0.028846299,0.023721499,-0.0051248,gas,tadhunter03,223.8361053,48.56494904,0.05607,0.00007,1.095
IC2560,IC2560,1,154.077774,-33.56384659,41.79999924,4.179999828,7.635099888,0.0506,0,2.148099899,0.0309,11.26352787,0.103826903,1.090305448,0.095790103,10.17322159,0.052136399,4.538648129,0.490421206,9.596287727,0.072737701,0.0086188,0.025427399,0.0137022,-0.0117252,maser,greene16,-1234,-1234,0.00976,0.00001,0.201
NGC1068,NGC1068,0,40.66987991,-0.01329,15.89999962,9.411000252,6.923999786,0.245000005,0,2.178499937,0.020099999,11.32290173,0.398988396,0.317727804,0.201382399,11.00516987,0.200112596,4.550157547,0.401184797,10.61648941,0.021633901,0.0798508,0.0082639,0.0057163,-0.0025476,maser,lodato03,-1234,-1234,0.00379,0.00001,0.079
NGC1386,NGC1386,1,54.19265747,-35.99927521,16.10000038,1.610000014,6.069900036,0.291799992,0,2.219599962,0.0209,10.51228714,0.084668897,0.250946313,0.060539201,10.261343,0.046173301,5.50006485,0.272566587,8.661308289,1.933845997,0.0043509,-0.00187,0.0005556,0.0024255,maser,braatz97,-1234,-1234,0.0029,0.00002,0.06
NGC2748,NGC2748,1,138.4293213,76.4753418,23.39999962,8.244000435,7.646999836,0.239999995,0,2.060300112,0.0189,10.62194061,0.252802908,0.533788383,0.136345193,10.08815098,0.127713606,4.235696316,0.289857507,-9.948182106,2.90E-06,0.033094302,0.0127005,0.0071509,-0.0055496,gas,atkinson05,-1234,-1234,0.00492,0.00001,0.102
NGC3079,NGC3079,1,150.4913483,55.68000031,15.89999962,1.246000051,6.397999763,0.048999999,0,2.163899899,0.0208,10.86062527,0.065160699,0.630055785,0.0480684,10.23056984,0.034954999,5.449090481,0.425705791,3.815719843,8.186347961,0.0026673,0.0060962,0.0067225,0.0006263,maser,"trotter98,yamauchi04,kondratko05",160.6000061,10.80000019,0.00369,0,0.077
NGC4303,NGC4303,1,185.4789581,4.473589897,17.89999962,1.789999962,6.51429987,0.736100018,0,1.923799992,0.0207,11.17288208,0.1177781,0.814251006,0.114392497,10.35862923,0.051205602,3.889507532,0.699671984,2.035954237,9.01565361,0.0121677,0.059795301,0.051617801,-0.0081775,gas,pastorini07,-1234,-1234,0.00522,0.00001,0.108
NGC4350,NGC4350,1,185.9908905,16.69335556,17,1.700000048,8.581399918,0.405299991,0,2.242000103,0.021199999,10.68571377,0.0860295,0.227888197,0.068576999,10.45782757,0.0504102,6.03613472,0.376436502,-10.22685242,1.44E-05,0.0047813,0.0134814,0.0063623,-0.0071191,star,pignatelli01,130,6.699999809,0.00404,0.00002,0.084
NGC4486B,NGC4486B,1,187.6332703,12.49023533,16.54999924,0.610000014,8.602000237,0.024,0,2.227400064,0.0206,9.749614716,0.0485694,-0.701473176,0.118269399,10.45108509,0.103632897,4.848829746,2.666080952,-10.24964619,3.80E-06,0.0028034,-0.009912,-0.016072299,-0.0061605,star,saglia16,185.8000031,3.599999905,0.00519,0.00001,0.108
NGC4742,NGC4742,1,192.9501648,-10.45479488,15.69999981,1.570000052,7.104800224,0.1505,0,1.953600049,0.0242,10.45598125,0.0909127,0.0575842,0.112674497,10.39839745,0.076975301,7.832493782,0.981635392,-10.29724026,1.00E-06,0.0075177,0.062838599,0.0252556,-0.037583001,star,tremaine02,98.09999847,7.300000191,0.00424,0.00005,0.088
NGC4945,NGC4945,1,196.3598938,-49.47029877,3.700000048,0.370000005,6.138199806,0.184,0,2.126499891,0.022700001,10.80372906,0.119546503,0.769029915,0.119539604,10.03469849,0.0770097,3.854342461,0.441446811,-0.946892321,9.553155899,0.0113253,-0.045246098,-0.0282297,0.0170165,maser,greenhill97,-1234,-1234,0.00188,0.00001,0.039
NGC5055,NGC5055,1,198.9555359,42.02928925,8.699999809,0.870000005,8.918299675,0.098700002,0,2.003799915,0.021500001,11.13319778,0.104683399,0.771553814,0.092348501,10.36164665,0.0506883,4.727478027,0.452693909,-10.8091259,9.60E-06,0.0084588,0.035608798,0.024405699,-0.011203,gas,blais-ouellette04,-1234,-1234,0.00167,0,0.035
NGC5252,NGC5252,1,204.5661163,4.54251194,103.6999969,10.36999989,9.073699951,0.341300011,0,2.278199911,0.0229,11.48686981,0.087076597,0.877356589,0.062781297,10.60951424,0.050013602,5.241195679,0.332035303,-8.643324852,5.80E-06,0.0045112,0.008704,0.0077845,-0.0009195,gas,capetti05,235.8999939,6.800000191,0.02309,0.00001,0.469
NGC5793,NGC5793,-3,224.853363,-16.69348717,53.29999924,5.329999924,7.301000118,7.301000118,0,-1234,-1234,11.01612854,0.084124297,0.35570541,0.067051999,10.66042233,0.048764899,4.933645725,0.505880117,9.832045555,0.115231499,0.0045974,0.01196,0.0076565,-0.0043035,maser,hagiwara01,-1234,-1234,0.01165,0.00022,0.24
NGC6240(S),NGC6240,1,253.2452545,2.400985003,105,10.5,9.167200089,0.213,0,2.440399885,0.067500003,11.83965111,0.088409498,0.928255379,0.077665299,10.91139793,0.053026199,7.140618801,0.961951971,-8.636004448,8.60E-06,0.0055182,-0.0012779,-0.0047171,-0.0034391,star,medling11,-1234,-1234,0.02431,0.00003,0.493
NGC7332,NGC7332,1,339.3521729,23.79835129,21.70000076,2.170000076,7.079199791,0.176100001,0,2.096999884,0.021199999,10.81371975,0.084959,0.399583012,0.073495798,10.41413879,0.044365499,5.850310802,0.339831412,9.11482811,0.136595994,0.0053257,0.0105944,0.0077661,-0.0028284,star,haring04,135.8000031,4.400000095,0.00399,0.00002,0.083
NGC7457,NGC7457,1,345.2497253,30.14489174,12.52999973,1.213999987,6.953999996,0.301999986,0,1.873000026,0.021199999,10.24886322,0.0791528,0.346730113,0.044761699,9.902133942,0.040540099,3.890324354,0.140721306,-10.49461746,4.80E-06,0.0033126,0.0026055,0.002121,-0.0004845,star,schulze11,66.59999847,9.699999809,0.00281,0.00002,0.058
NGC4382,NGC4382,1,186.3502197,18.19108009,17.87999916,1.787999988,7.113900185,1.236299992,1,2.253000021,0.021199999,11.49610519,0.088063598,0.862354279,0.084744401,10.63374996,0.047743302,4.819417,0.533068299,-10.1831522,8.60E-06,0.0063287,0.038652901,0.0239617,-0.0146913,star,gultekin11,-1234,-1234,0.00243,0.00001,0.051
IC1481,IC1481,1,349.8545837,5.906206131,89.90000153,8.989999771,7.151299953,0.134299994,0,1.975900054,0.123800002,10.98995209,0.088280998,0.502098978,0.0570889,10.48785305,0.056313898,4.406886101,0.499990106,9.73474884,0.120223202,0.0039407,0.0023802,0.0008377,-0.0015425,maser,"hure11,vdb15",110.1999969,15.60000038,0.02033,0.00001,0.414
NGC2778,NGC2778,1,138.1016388,35.02742386,23.44000053,2.344000101,7.161399841,0.30250001,1,2.121000051,0.021199999,10.26985741,0.0838487,0.0762785,0.0565896,10.19358063,0.046657901,5.134809017,0.449040711,-9.946224213,8.60E-06,0.004028,0.0006456,-0.001492,-0.0021376,star,schulze11,159.1000061,5.900000095,0.00683,0.00001,0.141
NGC3945,NGC3945,1,178.3071899,60.67556,19.5,1.950000048,6.944499969,0.462099999,1,2.249000072,0.021199999,10.89133263,0.0886124,0.286047786,0.069302902,10.60528564,0.047735099,4.829162598,0.383013308,-10.10731125,4.80E-06,0.0051882,0.017965199,0.0112281,-0.0067371,star,gultekin09,-1234,-1234,0.00427,0.00002,0.089
NGC1097,NGC1097,1,41.57941055,-30.27490997,14.5,1.450000048,8.144300461,0.091200002,0,2.292099953,0.0111,11.1754055,0.102693997,0.736693025,0.124679603,10.43871307,0.075506099,6.094604969,0.352445513,-10.36529255,1.90E-06,0.0101949,0.035724401,0.017588699,-0.0181357,CO,onishi15,-1234,-1234,0.00424,0.00001,0.088
NGC4151,NGC4151,1,182.6360779,39.40576172,20,2.772000074,7.813000202,0.075999998,0,1.979900002,0.0114,10.96359253,0.127250895,0.604256094,0.122264899,10.35933495,0.079155304,7.119989395,0.332287401,10.23303986,0.033396401,0.012438,0.0209674,0.0153153,-0.0056521,star,onken14,111.8000031,8,0.00333,0.00001,0.069
NGC1275,NGC1275,1,49.95098114,41.5116806,70,7,8.977100372,0.199000001,0,2.390100002,0.045000002,11.84222317,0.083600901,1.14795959,0.0530283,10.69426346,0.047302801,4.925298214,0.239952207,-9.00098896,3.80E-06,0.0037818,0.0074196,0.0030316,-0.004388,gas,"scharwachter13,vdb15",275.8617859,11.18167019,0.01756,0.00004,0.359
NGC1271,NGC1271,1,49.79696274,41.35335922,84,8.399999619,9.534099579,0.057,0,2.450200081,0.01,11.06743908,0.081689402,0.331404388,0.069441102,10.73603439,0.067290001,9.115290642,3.9762187,-8.840620041,1.25E-05,0.0034836,0.0184553,-0.043271702,-0.061726902,star,walsh15,314.3720093,5.476799011,0.01993,0.00001,0.406
M60UCD1,M60UCD1,-3,-1234,-1234,16.5,1.649999976,7.296599865,0.1505,0,1.824900031,0.032499999,8.289999962,0,-1.619789958,0,-1234,nan,-1234,nan,-1234,nan,-1234,-1234,-1234,-1234,star,seth14,-1234,-1234,nan,nan,nan
NGC1277,NGC1277,1,49.96453476,41.57340622,71,7.099999905,9.665699959,0.147200003,0,2.501699924,0.01,11.06586456,0.076350696,0.154572695,0.070058197,10.91129017,0.065460801,7.756009102,3.229696274,-8.988651276,7.70E-06,0.0032262,0.0066502,0.026516801,0.019866601,star,walsh16,377.598999,2.636679888,0.01675,0.00001,0.343
NGC0598,NGC0598,1,23.46209908,30.65988922,0.800000012,0.079999998,0,3.146100044,1,1.257799983,0.197099999,9.387247086,0.116385996,0.32483831,0.096809402,9.062410355,0.108394504,2.760340214,0.37449801,6.588579178,0.057391498,0.0055842,-0.017648701,-0.0261134,-0.0084647,star,"gebhardt01,merritt01",-1234,-1234,-0.0006,0,-0.013
NGC3706,NGC3706,1,172.4351044,-36.39126205,46,4.599999905,9.766799927,0.059300002,0,2.511800051,0.01,11.57751083,0.075562403,0.802868128,0.052591302,10.7746439,0.0441163,5.839506626,0.363119215,-9.363277435,5.80E-06,0.0032646,0.0119266,0.0048679,-0.0070587,star,gultekin14,-1234,-1234,0.00993,0.00005,0.205
Mrk1216,MRK1216,1,127.1963425,-6.940178871,94,9.399999619,9.298899651,0.701099992,1,2.488399982,0.01,11.28665257,0.086778499,0.470088601,0.072927199,10.81656265,0.059427802,6.646772861,2.182021856,-8.730042458,3.80E-06,0.0046586,-0.021461001,-0.024211699,-0.0027507,star,yildirim15,348.656311,5.007565975,0.02123,0.00004,0.432
NGC0205,NGC0205,1,10.09200001,41.68537903,0.74000001,0.074000001,0,4.342400074,1,1.585899949,0.067299999,8.664306641,0.113358803,-0.250215411,0.082777902,8.914525986,0.0507074,3.36376071,0.508791327,-12.9547863,5.80E-06,0.0085656,-0.0086703,-0.020432699,-0.0117624,star,valluri05,24.79999924,25.39999962,-0.0008,0.00001,-0.017
NGC0300,NGC0300,-3,-1234,-1234,2.200000048,0.219999999,2,3,1,1.108700037,0.067299999,9.445590973,0,0.303012699,0,-1234,nan,-1234,nan,-1234,nan,-1234,-1234,-1234,-1234,star,neumayer12,-1234,-1234,0.00048,0,0.01
NGC0428,NGC0428,1,18.23212242,0.981580973,16.10000038,1.610000014,4.477099895,0.368000001,1,1.504500031,0.073100001,10.0105648,0.0884322,0.506700277,0.0575816,9.503866196,0.039060399,3.43824482,0.325021714,2.385109901,7.935881615,0.0048051,0.0113554,0.0126118,0.0012564,star,neumayer12,55.79999924,26.39999962,0.00385,0,0.08
NGC1042,NGC1042,1,40.09989929,-8.433647156,18.20000076,1.820000052,4.397900105,2.079200029,1,1.643599987,0.068400003,10.4815855,0.091814697,0.782836914,0.061309598,9.698748589,0.046778001,2.788971901,0.456664503,8.030104637,0.212035403,0.0050003,0.0194465,0.0184441,-0.0010024,star,neumayer12,-1234,-1234,0.00457,0,0.095
NGC1493,NGC1493,1,59.36408997,-46.21073914,11.39999962,1.139999986,5.397900105,0.505100012,1,1.54610002,0.070100002,9.962331772,0.1194572,0.507682204,0.090862103,9.454648018,0.074165501,3.125941515,0.584213316,-10.57328892,6.70E-06,0.0085127,0.030444199,0.0184686,-0.0119756,star,neumayer12,-1234,-1234,0.00351,0,0.073
NGC2139,NGC2139,0,90.28318024,-23.67231941,23.60000038,2.359999895,5.176099777,0.425999999,1,1.343799949,0.077500001,10.35930443,0.080904499,0.470488101,0.042352099,9.888812065,0.041998699,2.870053053,0.126955107,-9.941391945,1.05E-05,0.0032877,0.0005431,0.0007666,0.0002235,star,neumayer12,-1234,-1234,0.00612,0.00001,0.127
NGC3423,NGC3423,1,162.8097534,5.840100765,14.60000038,1.460000038,5.176099777,0.66900003,1,1.619699955,0.073100001,10.35475445,0.0887926,0.708263576,0.066410802,9.646491051,0.040229399,3.567708969,0.233452693,-10.35957432,1.15E-05,0.0053381,0.010779,0.0089151,-0.0018639,star,neumayer12,-1234,-1234,0.00335,0.00001,0.07
NGC7418,NGC7418,1,344.1506653,-37.03007889,18.39999962,1.840000033,5.176099777,1.77820003,1,1.669999957,0.064300001,10.59788227,0.106889799,0.754330814,0.096801102,9.843549728,0.0517882,2.53511405,0.436303288,-10.15686131,0,0.0090569,0.033186398,0.0240735,-0.0091128,star,neumayer12,-1234,-1234,0.00484,0.00002,0.1
NGC7424,NGC7424,1,344.3265381,-41.0705719,10.89999962,1.090000033,5.176099777,0.425999999,1,1.336699963,0.0546,9.824456215,0.105464198,0.446231604,0.076224104,9.378222466,0.048966002,2.967441797,0.314050406,-10.61236095,3.80E-06,0.0072676,0.015763201,0.0115777,-0.0041855,star,neumayer12,-1234,-1234,0.00313,0.00001,0.065
NGC7793,NGC7793,-3,-1234,-1234,3.299999952,0.330000013,3.698999882,2.204099894,1,1.39230001,0.070100002,9.607545853,0,0.222961605,0,-1234,nan,-1234,nan,-1234,nan,-1234,-1234,-1234,-1234,star,neumayer12,-1234,-1234,0.00076,0.00001,0.016
NGC3621,NGC3621,1,169.5679169,-32.81259918,6.599999905,0.660000026,6,0.477100015,1,1.792600036,0.030300001,10.45647335,0.0982197,0.632915616,0.114394002,9.823559761,0.0646194,4.864395618,0.628598511,-11.05480576,9.60E-06,0.0092787,0.052351899,0.0307726,-0.021579299,star,barth09,-1234,-1234,0.00244,0.00001,0.051
NGC5457,NGC5457,1,210.8025055,54.34906006,7,0.699999988,6.414999962,0.076399997,1,1.347300053,0.171200007,10.87471676,0.1310592,0.868142307,0.078097798,10.00657749,0.068228297,3.522108078,0.404443592,6.931807041,2.599490404,0.0093103,0.0032441,-0.0043106,-0.0075547,star,kormendy10,-1234,-1234,0.0008,0.00001,0.017
NGC6503,NGC6503,1,267.3604736,70.14434052,5.269999981,0.52700001,6.301000118,0.113899998,1,1.743899941,0.0217,9.917272568,0.095359199,0.199116603,0.062180601,9.718153954,0.044970602,3.62697506,0.588567913,-11.24632454,1.34E-05,0.0054687,0.023645701,0.0275851,0.0039394,star,kormendy10,28.20000076,25.29999924,0.00008,0,0.002
NGC0404,NGC0404,1,17.36219978,35.71794128,3.059999943,0.305999994,5.650499821,0.252600014,0,1.389099956,0.088,9.391335487,0.095512196,-0.2289702,0.085089102,9.620304108,0.0452912,4.683496952,0.320628911,-11.72113895,2.90E-06,0.0071557,0.0203584,0.0141296,-0.0062288,gas,seth10,-1234,-1234,-0.00016,0.00003,-0.003
NGC4395,NGC4395,-3,-1234,-1234,4.400000095,0.439999998,5.539599895,0.539600015,0,1.470999956,0.073100001,8.609196663,0,0.014402,0,-1234,nan,-1234,nan,-1234,nan,-1234,-1234,-1234,-1234,gas,den-brok15,-1234,-1234,0.00106,0,0.022
NGC5765B,NGC5765B,1,222.7146301,5.114500999,113,11.30000019,7.657000065,0.0296,0,2.200299978,0.050099999,11.17838001,0.083807297,0.503427386,0.058446798,10.67494869,0.055048302,3.603160143,0.506277204,10.14845371,0.041081801,0.0037047,0.0050908,0.0018181,-0.0032727,maser,gao15,131.3153076,9.132283211,0.02754,0,0.556
NGC7078,NGC7078,-4,322.493103,12.16685009,0.0108,0.0011,2.698999882,0.778199971,1,1.102100015,0.199000001,5.586465836,0.080989704,-2.60157299,0.048328701,8.188037872,0.040882502,4.16071558,0.186845601,-16.63040161,9.60E-06,0.0036118,0.0049159,0.0036499,-0.0012659,GC,"vdb06,den-brok14",-1234,-1234,nan,nan,nan
G1,G1,-4,-1234,-1234,0.730000019,0.072999999,5.237800121,0.123899996,0,1.389099956,0.088,-1234,nan,-1234,nan,-1234,nan,-1234,nan,-1234,nan,-1234,-1234,-1234,-1234,GC,gebhardt05,-1234,-1234,0.25739,0.00005,4.028
NGC1851,NGC1851,-4,78.52619934,-40.04722977,0.0121,0.0012,0,3.301000118,1,0.967899978,0.023399999,5.494089127,0.083491199,-2.768972158,0.055962801,8.263062477,0.0459636,4.535874844,0.349810302,-16.52547646,9.60E-06,0.003995,0.0121108,0.0068206,-0.0052901,GC,lutzgendorf13,-1234,-1234,nan,nan,nan
NGC1904,NGC1904,-4,81.04425049,-24.52429962,0.0129,0.0013,3.477099895,0.124899998,1,0.902199984,0.0272,5.247355461,0.095978297,-2.424773455,0.104839101,7.672131538,0.049122401,4.843298435,0.56928128,-16.46948433,1.34E-05,0.008895,0.054342002,0.036589399,-0.017752601,GC,lutzgendorf13,-1234,-1234,nan,nan,nan
NGC5694,NGC5694,-4,219.9020996,-26.53829956,0.034699999,0.0035,0,3.903100014,1,0.943499982,0.0297,5.282579422,0.094953999,-2.419709921,0.082569398,7.702288151,0.054705601,4.837964535,0.648567319,-15.61588287,1.25E-05,0.0064206,0.038961101,0.0225043,-0.0164568,GC,lutzgendorf13,-1234,-1234,-0.00047,0,-0.01
NGC5824,NGC5824,-4,225.9942169,-33.06852722,0.032000002,0.0032,0,3.778199911,1,1.048900008,0.0155,5.702847958,0.089226604,-2.570729256,0.073413298,8.27357769,0.0546357,5.222423077,0.421893507,-15.69241333,1.90E-06,0.0051829,0.0202797,0.0086378,-0.0116419,GC,lutzgendorf13,-1234,-1234,-0.00009,0,-0.002
NGC6093,NGC6093,-4,244.2606049,-22.9750309,0.01,0.001,0,2.903100014,1,0.968299985,0.014,5.360764027,0.082313597,-2.7742486,0.048884898,8.135011673,0.040667299,4.203909397,0.1865246,-16.70593452,3.80E-06,0.0037557,0.0043778,0.0037636,-0.0006143,GC,lutzgendorf13,-1234,-1234,nan,nan,nan
NGC6266,NGC6266,-4,255.3027039,-30.1122303,0.0069,0.0007,3.301000118,0.176100001,1,1.190099955,0.014,5.774405956,0.0875227,-2.610926628,0.0600973,8.385331154,0.045820601,4.570475101,0.368091285,-17.04834747,1.34E-05,0.0045862,0.0121186,0.0082986,-0.00382,GC,"lutzgendorf13,mcnamara12",-1234,-1234,nan,nan,nan
NGC6388,NGC6388,-4,264.071991,-44.73514175,0.0116,0.0012,4.230400085,0.184499994,1,1.27639997,0.01,6.12950182,0.089285798,-2.656623125,0.0541985,8.786125183,0.0469082,4.9589324,0.266989499,-16.5923214,2.11E-05,0.0043545,0.0061519,0.0016095,-0.0045424,GC,lutzgendorf11,-1234,-1234,0.04,0,0.796
NGC6397,NGC6397,-4,265.1722412,-53.67367935,0.0025,0.0003,2.778199911,0.124899998,1,0.690100014,0.088,4.71459341,0.1173933,-2.240151167,0.1019063,6.954745293,0.123396702,4.127056122,0.288585305,-17.90810776,1.15E-05,0.0044697,-0.0040092,-0.017563101,-0.0135539,GC,kamann16,-1234,-1234,nan,nan,nan
NGC5272,NGC5272,-4,-1234,-1234,0.0102,0.001,0,3.724299908,1,0.733099997,0.079899997,5.582801819,0,-2.565779448,0,-1234,nan,-1234,nan,-1234,nan,-1234,-1234,-1234,-1234,GC,kamann14,-1234,-1234,nan,nan,nan
NGC6205,NGC6205,-4,250.42276,36.46018982,0.0071,0.0007,0,3.934499979,1,0.846899986,0.0616,5.436786652,0.106679901,-2.425428867,0.091786802,7.862218857,0.042946201,3.886632681,0.880434215,-16.98694611,1.53E-05,0.0089805,0.0612887,0.057834599,-0.003454,GC,kamann14,-1234,-1234,nan,nan,nan
NGC6341,NGC6341,-4,259.2803955,43.13650894,0.0083,0.0008,0,2.99119997,1,0.772000015,0.073100001,5.20330143,0.074172698,-2.711553335,0.0487867,7.914855957,0.0393386,4.002768993,0.273281187,-16.85171318,9.60E-06,0.0031671,0.0071162,0.0030439,-0.0040723,GC,kamann14,-1234,-1234,nan,nan,nan
NGC0104,NGC0104,-4,6.021749973,-72.08074188,0.004,0.0004,3,0.176100001,1,1.06340003,0.029999999,5.799344063,0.189010605,-2.566150188,0.260932714,8.365493774,0.101199202,4.440177917,0.835796773,-17.48706818,1.15E-05,0.0467848,0.102119602,0.067418799,-0.0347009,GC,mclaughlin06a,-1234,-1234,nan,nan,nan
NGC5139,NGC5139,-4,201.6913452,-47.47687149,0.004,0.0004,3.939500093,0.139699996,1,1.277699947,0.0298,5.695487499,0.134282202,-2.45968008,0.077932999,8.155168533,0.129747003,3.375659227,0.6710186,-17.4958477,7.70E-06,0.0036355,0.0192676,-0.0218515,-0.041119099,GC,van-der-marel10,-1234,-1234,nan,nan,nan
NGC1428,NGC1428,1,55.59569931,-35.15335083,20.70000076,2.069999933,0,7,1,1.913300037,0.021199999,9.892377853,0.091795303,0.040817201,0.0608983,9.8515625,0.045677502,3.765414476,0.335841388,-10.05370712,9.60E-06,0.0050243,0.0052484,0.0027238,-0.0025246,star,lyubenova13,-1234,-1234,0.00547,0.00003,0.113
NGC4244,NGC4244,-3,-1234,-1234,4.369999886,0.437000006,0,5.662799835,1,1.451500058,0.1505,9.504049301,0,0.370758295,0,-1234,nan,-1234,nan,-1234,nan,-1234,-1234,-1234,-1234,star,de-lorenzi13,-1234,-1234,0.00081,0,0.017
Henize2-10,ESO495-021,1,129.0632935,-26.40934944,9,0.899999976,0,7,1,1.542299986,0.190099999,9.682281494,0.100414097,-0.330852002,0.103278898,10.01313591,0.061709799,5.144544601,0.675098181,-10.78772068,1.90E-06,0.0084707,0.052408401,0.0297924,-0.022616001,star,nguyen14,-1234,-1234,0.00291,0,0.061
NGC3310,NGC3310,1,159.6910706,53.50330353,17.39999962,1.74000001,6.698999882,0.924300015,1,1.918599963,0.0209,10.42383575,0.087323599,0.065271698,0.077614501,10.35856342,0.047938202,4.660748482,0.766090274,-10.20611477,0,0.0056757,0.040168501,0.027470199,-0.0126983,gas,pastorini07,80.30000305,10,0.00331,0.00001,0.069
NGC4041,NGC4041,0,180.5507202,62.13728714,19.5,1.950000048,6,0.204099998,1,1.977100015,0.0229,10.61414528,0.099371299,0.237162501,0.105577797,10.37697983,0.063770801,4.396901131,0.698991776,-10.10643005,1.44E-05,0.0084773,0.062533103,0.030885199,-0.031647898,gas,marconi03,93.09999847,8.899999619,0.00405,0.000001,0.084
NGC4435,NGC4435,1,186.9187622,13.07902145,17,1.700000048,0,6.301000118,1,2.184000015,0.021199999,10.70018959,0.088854499,0.144637898,0.0518139,10.55554962,0.048709799,5.195623875,0.258302808,-10.22704697,9.60E-06,0.0041036,0.000489,-0.0029361,-0.0034251,star,coccato06,-1234,-1234,0.00264,0.00002,0.055
UGC9799,UGC09799,1,229.1853638,7.021667004,151.1000061,15.10999966,8.886500359,0.80369997,1,2.366899967,0.020500001,11.9888773,0.089484401,1.370723009,0.056125399,10.61815262,0.047788799,4.488143921,0.254105896,-8.309508324,0,0.0044369,0.0076528,0.0047561,-0.0028967,gas,dalla-bonta09,217.6000061,11,0.03455,0.000001,0.692
NGC3665,NGC3665,1,171.1817932,38.76279068,34.70000076,6.699999809,8.760100365,0.089900002,0,2.335000038,0.021199999,11.49899197,0.148179397,0.795616388,0.090375803,10.70337868,0.077186003,5.392463207,0.30491361,-9.603564262,4.80E-06,0.0120836,0.0147998,0.007745,-0.0070548,CO,onishi16,224,5,0.0069,0.00002,0.143
NGC1600,NGC1600,1,67.91607666,-5.086102009,64,6.400000095,10.22879982,0.038400002,0,2.465600014,0.021500001,11.86139774,0.081422701,1.078912973,0.050953802,10.78248501,0.044550098,4.926326752,0.212455899,-9.069515228,4.80E-06,0.0036206,0.0065093,0.0040218,-0.0024875,star,thomas16,343.6000061,7.599999905,0.01562,0.00003,0.32
Mrk1029,Mrk1029,-3,-1234,-1234,124,12.39999962,6.279600143,0.130400002,0,2.117799997,0.049600001,-1234,nan,-1234,nan,-1234,nan,-1234,nan,-1234,nan,-1234,-1234,-1234,-1234,maser,greene16,-1234,-1234,0.03027,0.00011,0.61
NGC1320,NGC1320,1,51.20294189,-3.042299032,49.09999847,4.909999847,6.739799976,0.159999996,0,2.147799969,0.050900001,11.00597286,0.086357802,0.599096715,0.078345098,10.40687752,0.066178299,5.179895401,0.383854389,9.206565857,3.273407698,0.004608,0.018177399,0.0096863,-0.0084911,maser,greene16,-1234,-1234,0.00928,0.00003,0.192
J0437+2456,2M04370,1,69.26528168,24.93519974,66,6.599999905,6.449999809,0.029999999,0,2.038300037,0.051600002,10.60584068,0.081557199,0.700003684,0.046251699,9.905840874,0.042440999,3.007847309,0.364850193,9.57216835,0.032965001,0.0034948,0.0086379,0.0124172,0.0037793,maser,greene16,95.19999695,18.29999924,nan,nan,nan
ESO558-009,ESO558-009,1,106.0875092,-21.58871078,102.5,10.25,7.220399857,0.029999999,0,2.228899956,0.049899999,11.12533283,0.101691097,0.679986417,0.134309798,10.44535065,0.090145499,5.555977821,0.675109982,10.10147858,0.086596303,0.010127,0.071625397,0.028202999,-0.043422401,maser,greene16,-1234,-1234,0.0256,0.00009,0.518
UGC6093,UGC06093,1,165.1998138,10.72826767,150,15,7.409500122,0.020300001,0,2.188999891,0.0491,11.3953619,0.082350098,0.973600328,0.048015799,10.42176056,0.050607301,3.786055326,0.321003705,9.258365631,3.136161804,0.003263,0.0030109,0.0039095,0.0008986,maser,greene16,179.6000061,8.5,0.03602,0.00001,0.72
NGC5495,NGC5495,1,213.0973053,-27.10797882,126.3000031,11.60000038,6.999499798,0.049699999,0,2.218400002,0.051100001,11.75722027,0.1429694,1.114420176,0.145804107,10.64279842,0.146535903,3.754360199,1.907563567,0.271943301,9.246024132,0.0101132,-0.059876598,-0.052646201,0.0072305,maser,greene16,-1234,-1234,0.02247,0.00003,0.457
NGC2974,NGC2974,1,145.6386108,-3.699115992,21.5,2.381000042,8.229999542,0.090999998,0,2.355000019,0.021199999,11.0419426,0.092432797,0.554736972,0.065978698,10.48720551,0.0563474,5.831210136,0.3592152,-10.0244627,6.70E-06,0.004861,0.013319,0.0010522,-0.0122668,stars,cappellari08,-1234,-1234,0.00629,0.00002,0.13
NGC3414,NGC3414,1,162.8176727,27.97496796,25.20000076,2.737999916,8.399999619,0.071000002,0,2.27699995,0.021199999,10.98813248,0.1054039,0.457556188,0.077485099,10.53057098,0.0505112,5.511663437,0.259388506,-9.883365631,9.60E-06,0.0072813,0.0093923,0.0056612,-0.003731,stars,cappellari08,239.1000061,4.699999809,0.0049,0.00002,0.102
NGC4552,NGC4552,1,188.9161835,12.55603981,15.30000019,0.986999989,8.699000359,0.050999999,0,2.351000071,0.021199999,11.10582542,0.058113899,0.449429095,0.068073399,10.65639782,0.0500746,6.284543991,0.393470287,-10.31976223,3.80E-06,0.0027519,0.0225932,0.0070759,-0.0155173,stars,cappellari08,-1234,-1234,0.00113,0.00001,0.024
NGC4621,NGC4621,1,190.5096741,11.64692974,18.29999924,2.961999893,8.602000237,0.085000001,0,2.296000004,0.021199999,11.19120884,0.116229802,0.528113604,0.063721001,10.66309357,0.062310401,5.197089672,0.189731002,-10.16308689,3.80E-06,0.0068436,0.0039008,0.0008642,-0.0030367,stars,cappellari08,-1234,-1234,0.00156,0.00002,0.033
NGC5813,NGC5813,1,225.296936,1.701969981,32.20000076,2.671999931,8.850999832,0.057999998,0,2.323999882,0.021199999,11.50482082,0.076779597,0.960588872,0.067351498,10.54423237,0.0396984,5.467151642,0.278363287,-9.672179222,3.80E-06,0.0044277,0.014557,0.0091873,-0.0053697,stars,cappellari08,-1234,-1234,0.00653,0.00002,0.135
NGC5846,NGC5846,1,226.6218872,1.605636954,24.89999962,2.296999931,9.041000366,0.057999998,0,2.348999977,0.021199999,11.46104813,0.0895354,0.800431788,0.098281503,10.66061974,0.055453099,5.001793861,0.475286096,-9.896435738,8.60E-06,0.0073004,0.0409384,0.021925,-0.019013399,stars,cappellari08,-1234,-1234,0.00571,0.00002,0.118
NGC0307,NGC0307,1,14.13581371,-1.771937966,52.79999924,5.736000061,8.602000237,0.059999999,0,2.309999943,0.01,10.95379734,0.084173299,0.439525396,0.072463401,10.51426506,0.0571674,6.545930862,0.614988923,-9.238175392,1.34E-05,0.004534,0.017164901,0.0125566,-0.0046084,stars,saglia16,239.3999939,7.5,0.01303,0.00004,0.268
NGC1398,NGC1398,1,54.71720886,-26.33783913,24.77000046,4.125,8.032999992,0.082999997,0,2.368999958,0.01,11.6619091,0.145322904,0.912579477,0.1143279,10.74932575,0.082340397,5.631412983,0.438485593,-9.897445679,1.44E-05,0.0137048,0.034521099,0.015966499,-0.0185546,stars,saglia16,-1234,-1234,0.00466,0.00001,0.097
NGC3627,NGC3627,1,170.0626068,12.99129009,10.05000019,1.092000008,6.928999901,0.048,0,2.088000059,0.01,11.02345467,0.093446501,0.627171576,0.066944599,10.3962822,0.048332501,4.014186382,0.384294689,-10.68488121,9.60E-06,0.0054389,0.0134647,0.0110094,-0.0024553,stars,saglia16,121.3000031,4.699999809,0.00241,0.00001,0.05
NGC3923,NGC3923,1,177.757431,-28.80620956,20.87999916,2.700000048,9.449000359,0.115000002,0,2.346999884,0.02,11.49944687,0.113951497,0.890316129,0.098502599,10.60913086,0.06123,5.103339672,0.35372299,-10.0524168,7.70E-06,0.0094693,0.027071999,0.015202,-0.01187,stars,saglia16,-1234,-1234,0.0058,0.00003,0.12
NGC4371,NGC4371,1,186.230957,11.70428753,16.89999962,1.480999947,6.84499979,0.074000001,0,2.157999992,0.021199999,10.77641869,0.077170797,0.400356412,0.0518662,10.37606049,0.038927902,4.723388672,0.313465595,-10.23273087,7.70E-06,0.003565,0.0081722,0.0037703,-0.0044019,stars,saglia16,-1234,-1234,0.00311,0.00002,0.065
NGC4501,NGC4501,1,187.9967346,14.42041016,16.5,1.141000032,7.301000118,0.079999998,0,2.197000027,0.01,11.26557064,0.068171799,0.719321311,0.0446162,10.54624844,0.030982399,3.522278547,0.167215094,9.225912094,0.068818301,0.002839,0.0046466,0.0042211,-0.0004255,stars,saglia16,146.5,5.400000095,0.00762,0.00001,0.158
NGC4699,NGC4699,0,192.2591095,-8.664302826,18.89999962,2.052999973,8.24600029,0.052000001,0,2.257999897,0.01,11.37826443,0.106827602,0.490286112,0.118988298,10.88798237,0.076150201,5.592477798,0.624138772,-10.13508511,1.05E-05,0.0098857,0.065326102,0.0303165,-0.0350096,stars,saglia16,153.3999939,11.80000019,0.00464,0.00001,0.096
NGC5018,NGC5018,0,198.2541656,-19.5182972,40.54999924,4.867000103,8.020999908,0.078000002,0,2.321000099,0.01,11.53879738,0.0898178,0.618088126,0.057183798,10.92071152,0.0505923,5.531627655,0.274885893,-9.473934174,4.80E-06,0.0043888,0.0059127,0.0021004,-0.0038122,stars,saglia16,-1234,-1234,0.00939,0,0.194
NGC5419,NGC5419,1,210.9115448,-33.97838974,56.20000076,6.105999947,9.859999657,0.143999994,0,2.565000057,0.011,11.99974632,0.092748098,1.258058429,0.070930503,10.74168968,0.047299899,5.512555599,0.214129895,-9.185990334,8.60E-06,0.005698,0.0120526,0.0090418,-0.0030108,stars,saglia16,-1234,-1234,0.01376,0.00005,0.283
1RXSJ1858+4850,1RXSJ1858+4850,-3,-1234,-1234,338.3371887,33.83369827,6.68380022,0.187199995,0,-1234,-1234,-1234,nan,-1234,nan,-1234,nan,-1234,nan,-1234,nan,-1234,-1234,-1234,-1234,reverb,pei14,-1234,-1234,nan,nan,nan
3C120,3C120,1,68.29611969,5.354221821,141.3735962,14.13739967,7.729300022,0.152500004,0,2.206199884,0.0539,11.20050907,0.090610899,1.004758716,0.062245701,10.19574738,0.049513999,3.753225803,0.213038698,11.38743496,0.0009907,0.0048166,0.0051962,0.0048071,-0.0003891,reverb,kollatschny14,250.5,110.0999985,0.03301,0.00003,0.663
3C390.3,PGC2821983,1,280.5378113,79.77133942,240.262207,24.02619934,8.620100021,0.156000003,0,2.435400009,0.0255,11.25255013,0.104679301,0.643829525,0.094455101,10.60872173,0.135021701,3.851158142,0.778958201,11.26435757,0.038755,0.0008243,0.0134481,0.0286493,0.0152011,reverb,dietrich12,-1234,-1234,nan,nan,nan
Ark120,UGC03271,1,79.04747772,-0.149902999,140.0886993,14.00889969,8.045999527,0.169200003,0,2.282900095,0.018100001,11.20046425,0.093673497,0.740288079,0.068940498,10.46017456,0.0543232,3.944415569,0.41981101,11.52664089,0.0034098,0.0052883,0.0040311,0.0038947,-0.0001364,reverb,doroshenko08,202.1999969,24.29999924,0.03271,0.00006,0.657
Arp151,ARP151,1,171.4004974,54.38251877,90.32319641,9.032299995,6.651100159,0.163100004,0,2.07159996,0.0147,10.62037277,0.085508198,0.44891721,0.126504406,10.17145729,0.103230402,10.93480015,3.292184591,-8.763609886,6.70E-06,0.0063292,0.042516001,0.0020183,-0.0404975,reverb,bentz10,-1234,-1234,0.02069,0.00003,0.421
Fairall9,ESO113-045,1,20.94050598,-58.8057785,201.3748932,20.13750076,8.265600204,0.210500002,0,2.354899883,0.076399997,11.57415199,0.0926916,0.88213712,0.069600299,10.6920166,0.065665901,4.139004707,0.663921118,11.42295074,0.0232148,0.004562,0.0044199,0.0252815,0.0208616,reverb,"peterson04,vdb15",-1234,-1234,0.04614,0.00006,0.912
H0507+164,H0507+164,-3,-1234,-1234,76.57129669,7.657100201,6.686100006,0.362199992,0,-1234,-1234,-1234,nan,-1234,nan,-1234,nan,-1234,nan,-1234,nan,-1234,-1234,-1234,-1234,reverb,stalin11,-1234,-1234,0.01788,0.00008,0.365
Mrk0110,MRK0110,0,141.3036041,52.28620911,151.1381989,15.11380005,7.280099869,0.212599993,0,1.957800031,0.033500001,10.58335495,0.1013887,0.77282232,0.067779802,9.81053257,0.070004001,2.987095118,0.493995398,10.8208456,0.0011753,0.0049866,0.0045854,0.014361,0.0097756,reverb,peterson04,-1234,-1234,0.03529,0.00002,0.706
Mrk1310,MRK1310,1,180.3097534,-3.678060055,83.77059937,8.377099991,6.188099861,0.193200007,0,1.923499942,0.025900001,10.35178185,0.101564698,0.278995186,0.077903003,10.07278347,0.063129097,2.815864563,0.581629515,10.01994324,0.0121369,0.0061995,0.0098794,0.0092184,-0.000661,reverb,bentz10,-1234,-1234,0.01956,0.00001,0.399
Mrk0142,Mrk142,-3,-1234,-1234,192.4667969,19.24670029,6.272299767,0.2104,0,-1234,-1234,-1234,nan,-1234,nan,-1234,nan,-1234,nan,-1234,nan,-1234,-1234,-1234,-1234,reverb,du14,-1234,-1234,0.04459,0.00002,0.883
Mrk1501,Mrk1501,-3,-1234,-1234,382.6207886,38.26210022,8.029100418,0.255499989,0,-1234,-1234,-1234,nan,-1234,nan,-1234,nan,-1234,nan,-1234,nan,-1234,-1234,-1234,-1234,reverb,grier12,-1234,-1234,0.08723,0.00005,1.643
Mrk0202,MRK0202,1,184.4790039,58.65991974,90.02339935,9.002300262,6.114900112,0.282799989,0,1.891800046,0.0167,10.4849577,0.099360898,0.350651592,0.091712601,10.13430405,0.102403499,5.754822254,1.977752686,9.483344078,0.205067694,0.0038987,-0.0145794,-0.0183542,-0.0037748,reverb,bentz10,-1234,-1234,0.02311,0.00003,0.469
Mrk0279,UGC08823,0,208.2639008,69.30804443,130.4096985,13.04100037,7.403399944,0.229399994,0,2.29369998,0.0265,11.29275036,0.076636598,0.416218102,0.0784209,10.87653065,0.0877188,5.171162128,0.869157493,11.20682049,0.018536201,0.0021642,0.0126436,-0.0007867,-0.0134303,reverb,peterson04,-1234,-1234,0.03045,0.00008,0.613
Mrk0290,Mrk290,-3,-1234,-1234,126.6837006,12.66839981,7.262800217,0.174199998,0,-1234,-1234,-1234,nan,-1234,nan,-1234,nan,-1234,nan,-1234,nan,-1234,-1234,-1234,-1234,reverb,denney10,-1234,-1234,0.03023,0.00002,0.609
Mrk0335,Mrk335,-3,-1234,-1234,110.4521027,11.04520035,7.214300156,0.156200007,0,-1234,-1234,-1234,nan,-1234,nan,-1234,nan,-1234,nan,-1234,nan,-1234,-1234,-1234,-1234,reverb,du14,-1234,-1234,0.02578,0.00006,0.522
Mrk0050,MRK0050,1,185.8506012,2.679069996,100.3448029,10.03450012,7.401400089,0.175799996,0,2.033799887,0.0561,10.44351959,0.081777804,0.298233986,0.063643999,10.14528656,0.068730399,3.222383022,0.760890722,9.925423622,0.0282763,0.0030071,0.0008287,0.0058979,0.0050692,reverb,barth11a,117.8000031,25.60000038,0.02386,0.00004,0.484
Mrk0509,MRK0509,1,311.0406494,-10.7234869,147.3265991,14.73270035,8.034500122,0.148200005,0,2.263900042,0.0284,11.18584347,0.097343303,0.582084715,0.090027899,10.60376263,0.085307203,4.11056757,0.695484281,11.5394516,0.0071261,0.0051517,0.0127208,0.019117501,0.0063966,reverb,peterson04,10.30000019,47.5,0.0344,0.00004,0.689
Mrk0590,NGC0863,1,33.63991165,-0.766744971,113.0217972,11.30220032,7.548900127,0.181400001,0,2.276200056,0.0138,11.57953835,0.085608102,0.960968673,0.063913502,10.61856937,0.0489542,5.066783905,0.417832106,11.13561535,0.0133697,0.0045086,0.017805699,0.0152959,-0.0025098,reverb,peterson04,174.8999939,4.400000095,0.02638,0.00004,0.534
Mrk0006,IC0450,-3,103.051506,74.42700958,80.5585022,8.05589962,8.085399628,0.152400002,0,-1234,-1234,11.12710285,0.0958753,0.67103678,0.074908398,10.45606327,0.0619305,5.925848007,0.587112427,10.98952389,0.010411,0.005484,0.0161769,0.0129046,-0.0032723,reverb,doroshenko12,-1234,-1234,0.01951,0.00003,0.398
Mrk0079,UGC03973,1,115.6369858,49.80973053,95.03420258,9.503399849,7.583000183,0.234999999,0,2.112099886,0.040199999,11.166749,0.092053697,0.933095992,0.057767902,10.23365593,0.044190198,3.200064421,0.298155189,10.98701,0.0045429,0.0049291,0.0077947,0.0106705,0.0028758,reverb,peterson04,-1234,-1234,0.02221,0.00002,0.452
Mrk0817,UGC09412,1,219.0922241,58.79414749,134.7353058,13.47350025,7.567399979,0.180999994,0,2.075799942,0.0546,11.16813564,0.083067797,0.757977426,0.0542675,10.4101572,0.048294101,3.560056448,0.597848117,11.2306366,0.0026899,0.0037564,0.0151413,0.0115091,-0.0036322,reverb,denney10,-1234,-1234,0.03133,0.0001,0.63
NGC3227,NGC3227,-3,155.877533,19.86495018,23.75,2.630000114,6.746099949,0.211300001,0,1.962900043,0.0284,11.21394539,0.128868297,1.031157732,0.138963893,10.1827898,0.06301,4.889597893,0.427069694,9.509814262,0.1229605,0.0159739,0.042961899,0.030515,-0.0124469,reverb,denney10,141.8000031,11,0.00376,0.00001,0.078
NGC3516,NGC3516,0,166.6978912,72.56852722,37.85950089,3.786000013,7.367599964,0.162300006,0,2.257499933,0.012,11.11249542,0.108369201,0.397134095,0.131074503,10.7153635,0.096799403,7.135320663,0.804284275,9.977111816,0.110297002,0.0097771,0.068357699,0.035544001,-0.032813799,reverb,denney10,179.1000061,9.5,0.00884,0.00002,0.183
NGC3783,NGC3783,1,174.7571716,-37.73849869,41.6711998,4.167099953,7.356500149,0.189999998,0,1.975299954,0.045899998,11.06483555,0.095137998,0.689439178,0.0582604,10.37539768,0.046466,3.570328474,0.395884693,10.57765102,0.0059799,0.0051432,0.0080567,0.0066349,-0.0014219,reverb,onken02,-1234,-1234,0.00973,0.00001,0.201
NGC4051,NGC4051,1,180.7903595,44.53126144,10.02159977,1.002200007,6.097700119,0.251399994,0,1.949100018,0.0146,10.27920818,0.076995797,0.598249674,0.040704001,9.680956841,0.0395182,3.491063595,0.246441796,9.282770157,0.0052231,0.0030117,0.0018641,0.0003132,-0.0015508,reverb,denney09a,83,13.39999962,0.00234,0,0.049
NGC4151,NGC4151,-3,182.6360779,39.40576172,20,2.772000074,7.542699814,0.162400007,0,1.986600041,0.0134,10.98758221,0.117283598,0.616480112,0.118529402,10.37110138,0.075871103,7.133276463,0.388290286,10.23303986,0.033396401,0.0110241,0.022710999,0.0150693,-0.0076417,reverb,bentz06a,111.8000031,8,0.00333,0.00001,0.069
NGC4253,NGC4253,1,184.6103516,29.81282043,55.37599945,5.53760004,6.804299831,0.166899994,0,1.941100001,0.1558,10.69138813,0.099397302,0.608746827,0.0561064,10.08264256,0.050075699,2.928479195,0.472061187,10.53080654,0.0046269,0.0052601,0.0110895,0.0169541,0.0058647,reverb,bentz10,101.9000015,41.40000153,0.01288,0.00005,0.265
NGC4395,NGC4400,-3,186.4538422,33.54674911,4.400000095,0.439999998,5.427299976,0.25060001,0,1.470999956,0.073100001,8.60771656,0,0.014402,0,8.679624557,0.108761497,3.992440224,0.854731083,-11.40186882,1.53E-05,0.002708,0.0047608,-0.056954201,-0.061714999,reverb,peterson05,-1234,-1234,nan,nan,nan
NGC4593,NGC4593,1,189.9145508,-5.344210148,38.54470062,3.854500055,6.857500076,0.207300007,0,2.129899979,0.019300001,11.35162926,0.091240503,0.978268921,0.085474499,10.37335491,0.0603448,5.628320694,0.344405413,10.27523899,0.035912,0.0059946,0.023198601,0.0113636,-0.011835,reverb,barth13,-1234,-1234,0.00831,0.00002,0.172
NGC4748,NGC4748,1,193.0518799,-13.41467094,62.65660095,6.265699863,6.356200218,0.260100007,0,2.017800093,0.054000001,10.81582165,0.085267,0.622842491,0.060352702,10.19298553,0.042220298,3.359094143,0.287389487,10.29848766,0.0146895,0.0045652,0.0045303,0.0052285,0.0006982,reverb,bentz10,-1234,-1234,0.01462,0.00011,0.3
NGC5273,NGC5273,1,205.5349426,35.65423965,15.4993,1.549900055,6.612500191,0.271200001,0,1.824000001,0.021199999,10.28775024,0.087045699,0.358949602,0.0703061,9.928798676,0.048475198,4.121141434,0.229596406,7.491055012,3.179091454,0.005085,0.0111088,0.0070543,-0.0040545,reverb,"bentz14,vdb15",-1234,-1234,0.00361,0.00001,0.075
NGC5548,NGC5548,1,214.4979706,25.13679314,73.57759857,7.357800007,7.703700066,0.129199997,0,2.289099932,0.028999999,11.20812035,0.093576699,0.638617277,0.063650496,10.56950378,0.062930502,5.246030807,0.60737443,10.84962654,0.026025699,0.0044239,0.0066308,0.0137571,0.0071263,reverb,kovacevic14,-1234,-1234,0.01717,0.00002,0.351
NGC6814,NGC6814,1,295.6690674,-10.32374954,22.31310081,2.231300116,7.022399902,0.170100003,0,1.977499962,0.0137,11.03540039,0.102502704,0.684565485,0.062844798,10.35083294,0.050249599,3.745036125,0.386015892,9.541061401,0.0211598,0.0059656,0.0150932,0.013409,-0.0016842,reverb,bentz10,101.0999985,16.79999924,0.00522,0,0.108
NGC7469,NGC7469,0,345.8153076,8.873689651,47.70000076,8.100000381,6.940999985,0.162200004,0,2.117000103,0.0166,11.12163639,0.148921207,-0.0036725,0.169049606,11.1253109,0.146229193,8.361034393,2.809905052,2.697643042,9.145346642,0.0146861,-0.059324399,-0.0594084,-8.40E-05,reverb,peterson14,228.7449036,20.04504967,0.01627,0.00001,0.333
PG0026+129,PG0026+129,-3,-1234,-1234,608.1503906,60.81499863,8.460399628,0.220699996,0,-1234,-1234,-1234,nan,-1234,nan,-1234,nan,-1234,nan,-1234,nan,-1234,-1234,-1234,-1234,reverb,peterson04,-1234,-1234,0.14,0,2.485
PG0052+251,PG0052+251,-3,-1234,-1234,661.4705811,66.14710236,8.441399574,0.201900005,0,-1234,-1234,-1234,nan,-1234,nan,-1234,nan,-1234,nan,-1234,nan,-1234,-1234,-1234,-1234,reverb,peterson04,-1234,-1234,0.15445,0.00001,2.698
PG0804+761,PG0804+761,-3,-1234,-1234,428.2749939,42.82749939,8.717599869,0.163499996,0,-1234,-1234,-1234,nan,-1234,nan,-1234,nan,-1234,nan,-1234,nan,-1234,-1234,-1234,-1234,reverb,peterson04,-1234,-1234,0.1005,0,1.865
PG0953+414,PG0953+414,-3,-1234,-1234,1002.591614,100.259201,8.306099892,0.208299994,0,-1234,-1234,-1234,nan,-1234,nan,-1234,nan,-1234,nan,-1234,nan,-1234,-1234,-1234,-1234,reverb,peterson04,-1234,-1234,0.2341,0.0004,3.754
PG1226+023,PG1226+023,-3,-1234,-1234,678.1306152,67.81310272,8.806300163,0.208399996,0,-1234,-1234,-1234,nan,-1234,nan,-1234,nan,-1234,nan,-1234,nan,-1234,-1234,-1234,-1234,reverb,peterson04,-1234,-1234,0.15834,0.00007,2.755
PG1229+204,PG1229+204,-3,-1234,-1234,269.8561096,26.98559952,7.722000122,0.310299993,0,2.200900078,0.086900003,-1234,nan,-1234,nan,-1234,nan,-1234,nan,-1234,nan,-1234,-1234,-1234,-1234,reverb,peterson04,-1234,-1234,0.06355,0.00002,1.231
PG1307+085,PG1307+085,-3,-1234,-1234,663.8261719,66.38259888,8.488499641,0.240799993,0,-1234,-1234,-1234,nan,-1234,nan,-1234,nan,-1234,nan,-1234,nan,-1234,-1234,-1234,-1234,reverb,peterson04,-1234,-1234,0.15384,0.00005,2.69
PG1411+442,PG1411+442,-3,-1234,-1234,383.734314,38.37340164,8.502900124,0.260399997,0,2.315599918,0.062799998,-1234,nan,-1234,nan,-1234,nan,-1234,nan,-1234,nan,-1234,-1234,-1234,-1234,reverb,peterson04,-1234,-1234,0.0896,0.0005,1.684
PG1426+015,PG1426+015,-3,-1234,-1234,370.7575989,37.07580185,8.963299751,0.248099998,0,2.335400105,0.030099999,-1234,nan,-1234,nan,-1234,nan,-1234,nan,-1234,nan,-1234,-1234,-1234,-1234,reverb,peterson04,-1234,-1234,0.08657,0.00004,1.632
PG1613+658,PG1613+658,-3,-1234,-1234,552.4746704,55.24750137,8.270899773,0.331200004,0,-1234,-1234,-1234,nan,-1234,nan,-1234,nan,-1234,nan,-1234,nan,-1234,-1234,-1234,-1234,reverb,peterson04,-1234,-1234,0.12109,0.0002,2.195
PG1617+175,PG1617+175,-3,-1234,-1234,481.5523071,48.15520096,8.630200386,0.219099998,0,2.295700073,0.080899999,-1234,nan,-1234,nan,-1234,nan,-1234,nan,-1234,nan,-1234,-1234,-1234,-1234,reverb,peterson04,-1234,-1234,0.1146,0.0001,2.093
PG1700+518,PG1700+518,-3,-1234,-1234,1250.562744,125.0562973,8.764900208,0.210299999,0,-1234,-1234,-1234,nan,-1234,nan,-1234,nan,-1234,nan,-1234,nan,-1234,-1234,-1234,-1234,reverb,peterson04,-1234,-1234,0.289,0.003,4.378
PG2130+099,PG2130+099,-3,-1234,-1234,269.7276001,26.9727993,7.414199829,0.172700003,0,2.209199905,0.050900001,-1234,nan,-1234,nan,-1234,nan,-1234,nan,-1234,nan,-1234,-1234,-1234,-1234,reverb,grier12,-1234,-1234,0.06329,0.00001,1.226
SBS1116+583A,PGC034616,1,169.7402954,58.05651093,119.360199,11.93599987,6.539899826,0.197899997,0,1.963400006,0.0189,10.50276279,0.081471898,0.435505211,0.088104002,10.06725979,0.083938397,3.924906015,1.947634101,9.973472595,0.078958102,0.0036772,-0.0061051,0.019990999,0.026095999,reverb,bentz10,-1234,-1234,0.02784,0.00003,0.562
Zw229-015,Zw229-015,-3,-1234,-1234,119.4030991,11.94029999,6.876200199,0.210600004,0,-1234,-1234,-1234,nan,-1234,nan,-1234,nan,-1234,nan,-1234,nan,-1234,-1234,-1234,-1234,reverb,barth11,-1234,-1234,0.02788,0.00007,0.563
IC0342,IC0342,1,56.70479965,68.09660339,3.730000019,0.372999996,6.406499863,0.292499989,1,1.782400012,0.166500002,10.65427494,0.096797802,0.831833482,0.111396402,9.822439194,0.134187907,3.362541199,0.210938901,-11.59214973,1.34E-05,0.0018863,0.001604,-0.0108946,-0.0124986,gas,beifiori12,-1234,-1234,0.0001,0.00001,0.002
IC3639,IC3639,1,190.2203217,-36.75585175,44.79999924,4.480000019,7.007500172,0.354299992,1,1.960299969,0.0228,10.76164627,0.088760003,0.326830298,0.046987399,10.43481541,0.067399397,3.761626482,0.536836922,9.71485424,0.128047407,0.0027717,-0.0033841,0.0130055,0.016389599,gas,beifiori12,-1234,-1234,0.01092,0.00002,0.225
NGC0193,NGC0193,1,9.827408791,3.331351995,49.65000153,4.965000153,8.397600174,0.318399996,0,2.265300035,0.0403,11.24260139,0.082597502,0.83185029,0.072352201,10.41075039,0.047254302,5.945704937,0.318421811,-9.29040432,0,0.0049121,0.0166883,0.0108392,-0.0058491,gas,beifiori12,-1234,-1234,0.01472,0.00005,0.302
NGC0289,NGC0289,1,13.17652035,-31.20582962,17.07999992,1.707999945,7.375599861,0.296499997,1,2.034499884,0.046399999,10.59587479,0.083768301,0.352504313,0.044067498,10.24337387,0.043103699,3.028941393,0.234347999,-10.22203445,6.70E-06,0.0035506,-0.0009138,-0.0036405,-0.0027266,gas,beifiori12,-1234,-1234,0.00543,0.00001,0.113
NGC0315,NGC0315,1,14.45381832,30.352314,57.68000031,5.768000126,8.91629982,0.314200014,0,2.494499922,0.037799999,11.79079247,0.084284097,1.008150816,0.052788898,10.78264141,0.045322899,4.868044853,0.224621907,-9.162549019,3.80E-06,0.0039182,0.0069721,0.0037217,-0.0032504,gas,beifiori12,333.7986145,3.68808198,0.01648,0.00002,0.337
NGC0383,NGC0383,1,16.85391235,32.41255569,59.16999817,5.916999817,8.755299568,0.323900014,0,2.377000093,0.030400001,11.68868065,0.108179599,1.09402585,0.133826301,10.59465599,0.067924596,6.107560635,0.419014513,-9.140686989,3.80E-06,0.0124993,0.049763799,0.029110899,-0.0206529,gas,beifiori12,304.7037964,4.586596966,0.017,0.00004,0.348
NGC0541,NGC0541,1,21.43460464,-1.379495978,63.65000153,6.364999771,8.594900131,0.339599997,0,2.281800032,0.01,11.36254787,0.099638604,0.921240091,0.0941277,10.44130611,0.056209698,6.079648495,0.288469106,-9.074357986,9.60E-06,0.0078142,0.015216,0.0086494,-0.0065666,gas,beifiori12,237.6000061,5.099999905,0.01809,0.00002,0.37
NGC0613,NGC0613,1,23.57597923,-29.41848946,15.39999962,1.539999962,7.604800224,0.3495,0,2.092999935,0.066,10.96508503,0.116838701,0.819463372,0.1104469,10.14562035,0.057381399,4.743573189,0.293349892,-10.31219864,5.80E-06,0.0112786,0.0138791,0.0102689,-0.0036102,gas,beifiori12,-1234,-1234,0.00494,0.00002,0.103
NGC0741,NGC0741,1,29.08732796,5.628824234,65.70999908,6.571000099,8.671199799,0.370200008,0,2.365400076,0.021,11.82297516,0.090794697,1.181290865,0.072486296,10.64168549,0.054354802,5.460708618,0.270168602,-9.046993256,8.60E-06,0.0052717,0.0060245,0.0022377,-0.0037868,gas,beifiori12,288.1582031,4.984726906,0.01829,0.00004,0.374
NGC0788,NGC0788,1,30.27687263,-6.8158288,47.88000107,4.788000107,7.923799992,0.280299991,0,2.100300074,0.0625,11.13583946,0.093999103,0.588814914,0.089130402,10.54702759,0.046930999,4.619837284,0.605059385,-9.322555542,7.70E-06,0.0072888,0.0449863,0.032474902,-0.0125115,gas,beifiori12,-1234,-1234,0.0136,0.00009,0.279
NGC1052,NGC1052,1,40.27003098,-8.255827904,18.11000061,1.81099999,8.237999916,0.293500006,0,2.281699896,0.0141,10.92462158,0.083334498,0.340563089,0.051222101,10.58405781,0.047585901,5.38659668,0.2681849,-10.17161655,1.15E-05,0.003652,0.0068172,0.0038749,-0.0029422,gas,beifiori12,220.3999939,7.5,0.00496,0.00002,0.103
NGC1358,NGC1358,1,53.41544724,-5.089568138,48.15999985,4.815999985,8.365799904,0.324400008,0,2.231699944,0.046999998,11.27939415,0.106867097,0.935331881,0.116234802,10.34405899,0.070726603,5.877179623,0.45922181,-9.320557594,2.90E-06,0.0099644,0.0151511,0.0028505,-0.0123006,gas,beifiori12,-1234,-1234,0.01344,0.00003,0.276
NGC1497,NGC1497,1,60.52825928,23.13294029,75.31999969,7.532000065,8.633399963,0.186199993,0,2.388400078,0.039900001,11.32145977,0.078471899,0.729159474,0.052181602,10.59229946,0.0504448,5.369827747,0.380877286,-8.941287994,4.80E-06,0.003168,0.0067925,0.0052379,-0.0015546,gas,beifiori12,254.8000031,7,0.02054,0.00005,0.418
NGC1667,NGC1667,1,72.15502167,-6.319853783,56.09000015,5.609000206,8.199899673,0.231399998,0,2.244600058,0.071099997,11.32483292,0.097320303,0.691685319,0.079278,10.63314533,0.046884999,3.873601675,0.588356376,-9.188053131,4.80E-06,0.006779,0.0361722,0.026382901,-0.0097893,gas,beifiori12,160.1000061,4.599999905,0.01526,0.00001,0.313
NGC1961,NGC1961,1,85.51989746,69.37837982,48.63000107,4.862999916,8.288999557,0.344500005,0,2.340300083,0.075000003,11.74187469,0.088112302,1.199730277,0.068761803,10.54214382,0.050809201,5.532371044,0.398374408,-9.317325592,5.80E-06,0.0049552,0.02098,0.0112988,-0.0096812,gas,beifiori12,230.3278046,5.928413868,0.01312,0,0.27
NGC2110,NGC2110,1,88.04751587,-7.456173897,29.12000084,2.911999941,8.120300293,0.64319998,0,2.301199913,0.049600001,11.04411411,0.083624803,0.397905201,0.058779702,10.64621258,0.0511203,5.625155449,0.393351793,-9.787417412,5.80E-06,0.0039174,0.0124655,0.0068692,-0.0055963,gas,beifiori12,233.1999969,17.10000038,0.00765,0.00006,0.158
NGC2179,NGC2179,1,92.00918579,-21.74666786,35.84000015,3.584000111,8.311599731,0.2324,0,2.187200069,0.031599998,10.86320114,0.095974497,0.527208388,0.079832897,10.33599091,0.049921598,5.877293587,0.361344814,-9.578858376,6.70E-06,0.0065461,0.0149642,0.0101538,-0.0048104,gas,beifiori12,-1234,-1234,0.00962,0.00002,0.199
NGC2329,NGC2329,1,107.2832108,48.61559677,72.33000183,7.232999802,8.18089962,0.180899993,0,2.336800098,0.0266,11.45780659,0.0989061,0.844101429,0.076257199,10.61370564,0.058040898,5.402460098,0.291928589,-8.964281082,5.80E-06,0.0061144,0.0116125,0.0068687,-0.0047438,gas,beifiori12,-1234,-1234,0.01933,0.00004,0.394
NGC2685,NGC2685,1,133.8947906,58.73440933,12.51000023,1.251000047,6.587999821,0.412,1,2.019000053,0.021199999,10.20382786,0.093852296,0.200805098,0.076937102,10.00302219,0.048959099,5.089991093,0.269858986,-10.49693394,1.05E-05,0.0061653,0.0114709,0.0062886,-0.0051824,gas,beifiori12,-1234,-1234,0.00295,0.00001,0.061
NGC2892,NGC2892,1,143.2204132,67.61740112,86.23999786,8.623999596,8.433099747,0.1109,0,2.471999884,0.0275,11.53794193,0.084227301,0.834292471,0.071810402,10.70365238,0.046909299,5.192722797,0.383956701,-8.810120583,6.70E-06,0.0050252,0.0133496,0.0085236,-0.004826,gas,beifiori12,272.6000061,9.100000381,0.02246,0.00005,0.456
NGC2903,NGC2903,1,143.0421295,21.5008297,10.44999981,1.044999957,7.060299873,0.282099992,1,1.969499946,0.056200001,11.05654526,0.1231739,0.731872976,0.105739199,10.32467175,0.044772401,3.326093674,0.336092114,-10.6508131,4.80E-06,0.012174,0.0300077,0.027680101,-0.0023277,gas,beifiori12,75.19999695,8.399999619,0.00183,0,0.038
NGC2911,NGC2911,0,143.4420776,10.15259075,43.49000168,4.348999977,9.086299896,0.293900013,0,2.324399948,0.031300001,11.27542591,0.099582396,0.882782221,0.120560698,10.39264202,0.079671398,6.282848358,0.325713098,-9.40708828,1.15E-05,0.009052,0.0310017,0.0137653,-0.0172363,gas,beifiori12,-1234,-1234,0.01078,0.00001,0.222
NGC2964,NGC2964,1,145.7260437,31.84721375,19.69000053,1.968999982,6.728199959,0.614199996,1,1.970999956,0.086199999,10.63035488,0.081563197,0.410880297,0.050172899,10.21947479,0.046945099,4.038653851,0.366704911,-10.09808445,0,0.003483,0.0098779,0.0069439,-0.002934,gas,beifiori12,82.30000305,14.39999962,0.0044,0.00001,0.091
NGC3021,NGC3021,1,147.7379761,33.5534668,22.39999962,2.24000001,7.263599873,0.3046,1,1.704599977,0.204899997,10.39689541,0.0868017,0.308238894,0.0560285,10.08865643,0.044103701,3.638381243,0.261805594,5.115389824,7.116578579,0.0043643,0.0029678,0.0013438,-0.001624,gas,beifiori12,68.30000305,31.29999924,0.00512,0.00001,0.106
NGC3078,NGC3078,1,149.602417,-26.92656326,32.84999847,3.285000086,7.906799793,0.415399998,0,2.316900015,0.0255,11.27016354,0.088847198,0.548320472,0.072279297,10.7218399,0.050468199,5.574316025,0.398485094,9.572978973,0.0351381,0.0052855,0.0199048,0.010394,-0.0095108,gas,beifiori12,-1234,-1234,0.00861,0.00007,0.178
NGC3081,NGC3081,1,149.8730469,-22.82619858,33.50999832,3.351000071,7.201399803,0.303799987,0,2.089099884,0.026900001,10.96081161,0.1122467,0.661195815,0.128577605,10.29961777,0.063858703,5.357046127,0.576523185,-9.637148857,5.80E-06,0.0125268,0.060581699,0.037234101,-0.023347599,gas,beifiori12,-1234,-1234,0.00798,0.00001,0.00798
NGC3351,NGC3351,1,160.9905548,11.70361042,9.329999924,0.933000028,6.516699791,0.261400014,1,1.973999977,0.069300003,10.76038074,0.1043614,0.593627274,0.107870303,10.16675186,0.0567118,4.94993639,0.43574971,-10.74915981,1.25E-05,0.0096555,0.0398404,0.0249037,-0.0149367,gas,beifiori12,83.30000305,7.800000191,0.0026,0,0.054
NGC3642,NGC3642,1,170.575058,59.07424164,21.64999962,2.164999962,7.421299934,0.041099999,1,1.967800021,0.114699997,10.34666824,0.095493197,0.266507804,0.055827301,10.08015919,0.049453098,4.451112747,0.265534401,-10.01460266,1.15E-05,0.004895,0.0048523,0.0048678,1.55E-05,gas,beifiori12,84.90000153,10.5,0.00529,0,0.11
NGC3675,NGC3675,1,171.5357666,43.58591843,12.40999985,1.241000056,7.26240015,0.293900013,1,2.022000074,0.018200001,10.82893181,0.0902851,0.549919784,0.055388398,10.27901459,0.045093801,4.049688816,0.192012802,-10.50019932,1.05E-05,0.0045929,0.0060248,0.0040622,-0.0019625,gas,beifiori12,110.9000015,5.199999809,0.00257,0.00001,0.054
NGC3801,NGC3801,1,175.0704041,17.727911,46.29000092,4.629000187,8.279800415,0.311300009,0,2.320899963,0.036699999,11.21773434,0.089792199,0.780994892,0.094113402,10.43673992,0.058421999,5.49391222,0.411707193,-9.352953911,6.70E-06,0.0067534,0.0302551,0.0157922,-0.0144629,gas,beifiori12,187,10,0.01106,0.00001,0.228
NGC3862,NGC3862,1,176.2707825,19.60638237,84.55999756,8.456000328,8.409799576,0.368400007,0,2.32220006,0.026900001,11.58636761,0.094916902,1.082605481,0.100273803,10.50376225,0.070608899,6.548015594,0.3273139,-8.822585106,5.80E-06,0.0070392,0.0136512,0.0047339,-0.0089173,gas,beifiori12,-1234,-1234,0.02159,0.00001,0.439
NGC3953,NGC3953,1,178.4542847,52.3265419,15.39999962,1.539999962,7.332300186,0.290899992,0,2.10890007,0.01,11.0453434,0.096827798,0.869300902,0.089050099,10.17604446,0.053268299,4.688688278,0.449299604,-10.31311417,1.05E-05,0.007234,0.033315301,0.019497801,-0.0138176,gas,beifiori12,123.9000015,5.099999905,0.0035,0,0.073
NGC3982,NGC3982,1,179.1173706,55.1253624,15.86999989,1.587000012,6.947199821,0.256999999,1,1.89199996,0.0111,10.22621059,0.094599903,0.156268194,0.055447899,10.06994247,0.046549201,3.175057888,0.376978606,-10.28558254,3.80E-06,0.0049284,0.0127425,0.016094901,0.0033524,gas,beifiori12,62.90000153,9,0.00371,0,0.077
NGC3992,NGC3992,1,179.3999329,53.37451935,15.31000042,1.531000018,7.514900208,0.284399986,0,2.090300083,0.062600002,11.14837074,0.117699102,1.070426941,0.1264963,10.07794571,0.059195898,4.261392593,0.549539089,-10.31818008,9.60E-06,0.0131751,0.0586548,0.043342501,-0.0153124,gas,beifiori12,137.6000061,5,0.0035,0,0.073
NGC4036,NGC4036,1,180.3620453,61.89569855,19.04000092,1.904000044,7.893400192,0.361900002,0,2.25999999,0.021199999,10.89545441,0.0868598,0.429800004,0.0598155,10.46565628,0.042243998,4.982497692,0.269510299,-10.12769699,6.70E-06,0.004669,0.0081417,0.0066375,-0.0015042,gas,beifiori12,-1234,-1234,0.00462,0.00002,0.096
NGC4088,NGC4088,1,181.3924561,50.53902817,11.85000038,1.184999943,6.792200089,0.287,1,1.932600021,0.019300001,10.49668503,0.084981397,0.552724421,0.0431372,9.94396019,0.043273099,3.204057693,0.101926401,-10.54040432,0,0.0036051,0.001003,0.0013591,0.0003561,gas,beifiori12,72.90000153,14.10000038,0.00249,0,0.052
NGC4143,NGC4143,1,182.4003601,42.53421783,14.84000015,1.483999968,7.923500061,0.355300009,0,2.252000093,0.021199999,10.55071068,0.0838852,0.035667099,0.053307299,10.51504135,0.046813302,5.342162609,0.358668804,-10.34391689,1.15E-05,0.0038435,0.0028953,0.0040106,0.0011153,gas,beifiori12,223.6999969,3.700000048,0.00316,0.00002,0.066
NGC4150,NGC4150,1,182.6402283,30.40148735,12.78999996,1.279000044,5.942699909,0.4375,1,1.914999962,0.021199999,10.07681274,0.096794702,-0.0020603,0.063615598,10.07887363,0.0537038,5.748187065,0.403911501,-10.47381306,0,0.005266,0.0082332,0.0063972,-0.0018359,gas,beifiori12,-1234,-1234,0.00069,0.00002,0.014
NGC4203,NGC4203,1,183.7709351,33.19724274,14.09000015,1.409000039,7.817699909,0.261400014,0,2.111000061,0.021199999,10.76423931,0.108795799,0.416009903,0.134481505,10.34823132,0.071156196,5.818636417,0.409665793,-10.38902378,1.53E-05,0.0124293,0.044928901,0.022464501,-0.0224644,gas,beifiori12,171.9011993,1.953057051,0.00362,0.00001,0.075
NGC4212,NGC4212,1,183.9140625,13.90147305,3.170000076,0.317000002,5.991600037,0.423400015,1,1.830899954,0.017899999,9.098562241,0.088123202,-0.189410597,0.051496599,9.287973404,0.0395982,3.141351223,0.356808186,-11.68827248,8.60E-06,0.0044248,0.0103559,0.013372,0.0030161,gas,beifiori12,51.70000076,15.80000019,-0.00029,0,-0.006
NGC4245,NGC4245,1,184.4032593,29.60800171,14.56000042,1.45599997,7.194099903,0.477999985,1,1.91929996,0.0152,10.4238472,0.098928504,0.410110414,0.0867576,10.01373672,0.055773001,5.129829884,0.332069188,-10.36120224,7.70E-06,0.0071015,0.021509901,0.0138358,-0.0076742,gas,beifiori12,91.80000305,6.900000095,0.0029,0.00001,0.06
NGC4278,NGC4278,1,185.0283203,29.28061867,15.02999973,1.503000021,7.960299969,0.270099998,0,2.328000069,0.021199999,10.8689003,0.090483099,0.242234394,0.094594099,10.62666225,0.068015903,5.371392727,0.554387987,-10.33417988,5.80E-06,0.0062545,0.0453231,0.018575201,-0.026747899,gas,beifiori12,262.2000122,4.5,0.00207,0.00002,0.043
NGC4314,NGC4314,1,185.6332397,29.89530373,15.48999977,1.549000025,6.908500195,0.295700014,1,2.027499914,0.0147,10.90085793,0.112254299,0.807082713,0.123831697,10.0937767,0.061822399,5.150814056,0.422933698,-10.307621,7.70E-06,0.0120567,0.035292301,0.0237977,-0.0114945,gas,beifiori12,-1234,-1234,0.00321,0.00002,0.067
NGC4321,NGC4321,1,185.7280579,15.82182026,14.18999958,1.41900003,6.671999931,0.166800007,1,1.91869998,0.0188,11.14382458,0.109675802,0.984480202,0.134186402,10.15934181,0.080823503,4.237892628,0.664195001,-10.38407993,9.60E-06,0.0117512,0.072884202,0.036989801,-0.035894401,gas,beifiori12,-1234,-1234,0.00524,0,0.109
NGC4335,NGC4335,1,185.7579498,58.44470978,59.08000183,5.907999992,8.393400192,0.314200014,0,2.413599968,0.01,11.30477428,0.092036001,0.597290516,0.0716087,10.70748329,0.052797701,5.768528461,0.46381399,-9.137192726,5.80E-06,0.0054054,0.013565,0.0068196,-0.0067453,gas,beifiori12,293.5,6.900000095,0.01511,0.00005,0.31
NGC4429,NGC4429,1,186.8606567,11.10754013,18.20000076,1.820000052,7.854599953,0.3495,0,2.247999907,0.021199999,11.42067337,0.153466105,1.043590069,0.177067801,10.37708378,0.064655699,5.226829052,0.4363482,-10.16784573,0,0.025362199,0.0175837,0.0056426,-0.0119412,gas,beifiori12,-1234,-1234,0.00368,0.00002,0.077
NGC4450,NGC4450,1,187.1234741,17.08494949,28.28000069,2.828000069,8.063899994,0.278499991,1,2.030100107,0.060199998,11.60160923,0.106259502,1.113020301,0.110613398,10.48858929,0.059666999,4.670353889,0.521514118,-9.783019066,1.00E-06,0.0099831,0.0493466,0.0278154,-0.0215312,gas,beifiori12,118.1999969,4.699999809,0.00653,0.00002,0.135
NGC4477,NGC4477,1,187.5090485,13.63644314,20.80999947,2.08100009,7.553299904,0.298000008,0,2.173000097,0.021199999,11.17310715,0.11107,0.693857729,0.101981699,10.47925091,0.055296998,5.096446991,0.390386194,-10.0509634,6.70E-06,0.0098395,0.029784201,0.021042701,-0.0087415,gas,beifiori12,-1234,-1234,0.00446,0.00002,0.093
NGC4507,NGC4507,1,188.9025726,-39.90921021,47.04000092,4.703999996,7.18200016,0.3495,0,2.157599926,0.0208,11.07819176,0.0912183,0.622217715,0.056625798,10.45597458,0.044842102,4.129434586,0.323228806,10.37897682,0.019897601,0.0047582,0.0090158,0.0087879,-0.0002278,gas,beifiori12,-1234,-1234,0.0118,0.00003,0.243
NGC4548,NGC4548,1,188.8601227,14.49631977,17.92000008,1.792000055,7.249199867,0.2949,0,2.155699968,0.0394,11.27283001,0.155858099,1.078470111,0.168257102,10.19435883,0.0677405,4.233328819,0.486452013,-10.18180847,1.25E-05,0.0240067,0.0270472,0.0073384,-0.019708799,gas,beifiori12,104.4000015,5.900000095,0.00162,0.00001,0.034
NGC4579,NGC4579,1,189.4316559,11.81809044,22.95999908,2.296000004,7.962100029,0.360100001,1,2.035099983,0.0583,11.60830402,0.118324101,1.026824117,0.132872403,10.58147907,0.066954203,4.916913033,0.573310196,-9.966002464,1.00E-06,0.0135864,0.065410197,0.0391661,-0.0262441,gas,beifiori12,161.5,4.599999905,0.00506,0,0.105
NGC4636,NGC4636,0,190.7077789,2.687779903,13.72000027,1.371999979,8.580499649,0.218799993,0,2.259000063,0.021199999,11.24523067,0.091894202,0.957291186,0.079856403,10.28793907,0.058634602,5.480064869,0.409050792,-10.4135294,1.15E-05,0.0056918,0.0153536,0.0055256,-0.009828,gas,beifiori12,-1234,-1234,0.00313,0.00001,0.065
NGC4698,NGC4698,1,192.0955658,8.487243652,16.43000031,1.643000007,7.76060009,0.158500001,0,2.092099905,0.029100001,10.82479954,0.095485598,0.560955226,0.081582099,10.26384544,0.047451802,5.042089939,0.240850195,-10.25636005,9.60E-06,0.0067607,0.0133806,0.0117379,-0.0016427,gas,beifiori12,128.8999939,5.199999809,0.00337,0,0.07
NGC4800,NGC4800,1,193.6573944,46.53113937,12.51000023,1.251000047,7.023799896,0.532500029,1,2.009399891,0.01,10.22501469,0.081915401,0.0129168,0.0494316,10.21209621,0.044298898,4.206688404,0.2321468,-10.49296856,4.80E-06,0.0035956,0.002519,-2.58E-05,-0.0025448,gas,beifiori12,101.6999969,6,0.00279,0.00004,0.058
NGC5005,NGC5005,1,197.7346344,37.05894089,14.64999962,1.465000033,8.273300171,0.231900007,0,2.296799898,0.0153,11.10499763,0.092745401,0.542615473,0.057648599,10.56238937,0.043883499,4.984068394,0.160826907,-10.35523891,8.60E-06,0.0049996,0.00438,0.0037209,-0.0006591,gas,beifiori12,213.8999939,6.599999905,0.00316,0.00002,0.066
NGC5127,NGC5127,1,200.9374084,31.56579971,62.52999878,6.252999783,8.269300461,0.412,0,2.28640008,0.108000003,11.35319138,0.093923204,0.958674014,0.068990998,10.39451408,0.0482632,5.420762539,0.252929896,-9.08735466,5.80E-06,0.005626,0.0089283,0.0063743,-0.002554,gas,beifiori12,194.1000061,5.300000191,0.01618,0.00001,0.331
NGC5194,NGC5194,0,202.4695435,47.19514847,7.929999828,0.792999983,5.962100029,0.360100001,1,1.843000054,0.058400001,11.03784752,0.101602398,0.733684778,0.075499497,10.30416107,0.0498376,4.883421421,0.611517072,8.362648964,0.232851997,0.0067697,0.017868901,0.0050988,-0.0127701,gas,beifiori12,-1234,-1234,0.00153,0.00001,0.032
NGC5248,NGC5248,1,204.3836212,8.88506031,17.92000008,1.792000055,6.302800179,0.378500015,0,2.100399971,0.038600001,10.96927547,0.0905094,0.690169811,0.058904599,10.27910614,0.0484486,4.657744884,0.200690597,8.863907814,0.0604669,0.0046572,0.0074853,0.0046863,-0.0027991,gas,beifiori12,71.09999847,13.30000019,0.00384,0,0.08
NGC5283,NGC5283,1,205.2738953,67.67214966,34.52999878,3.453000069,7.409800053,0.330599993,0,2.131900072,0.041299999,10.43832684,0.079903901,0.058264799,0.052357599,10.38006115,0.059655301,5.288506031,0.651346385,-9.607923508,8.60E-06,0.0027836,0.0037025,-0.0044383,-0.0081408,gas,beifiori12,124.5999985,5.199999809,0.1014,0.00005,1.88
NGC5347,NGC5347,1,208.3243866,33.4907608,32.29000092,3.229000092,7.209400177,0.424100012,1,1.804200053,0.083999999,10.53796387,0.091448903,0.592817724,0.066187501,9.945145607,0.049201299,5.167896271,0.268727392,-9.666623116,6.70E-06,0.0051615,0.0052871,0.005387,1.00E-04,gas,beifiori12,78.40000153,13.80000019,0.0079,0.00001,0.163
NGC5427,NGC5427,1,210.8585358,-6.030809879,36.31000137,3.631000042,7.579800129,0.300999999,1,1.804700017,0.077200003,11.12129116,0.127054602,0.87536478,0.123312101,10.24592686,0.0528806,4.164378643,0.513425887,-9.564696312,0,0.0142762,0.054492,0.0437795,-0.0107125,gas,beifiori12,-1234,-1234,0.00873,0.00001,0.18
NGC5490,NGC5490,1,212.4888763,17.54542542,65.23999786,6.524000168,8.729700089,0.3495,0,2.414000034,0.0416,11.48039341,0.090009697,0.69743669,0.066380501,10.78295803,0.052720699,5.95165205,0.365693986,-9.051163673,8.60E-06,0.0048643,0.0101485,0.0065211,-0.0036273,gas,beifiori12,353.1000061,6.300000191,0.01614,0.00005,0.331
NGC5643,NGC5643,1,218.1699066,-44.17461014,17.36000061,1.735999942,7.052899837,0.590499997,1,1.951799989,0.01,11.09281349,0.116426699,0.943921983,0.125248,10.1488924,0.061935801,3.80583334,0.845237315,-10.22074986,9.60E-06,0.0127031,0.083973199,0.058027402,-0.025945701,gas,beifiori12,-1234,-1234,0.004,0.00001,0.083
NGC5695,NGC5695,1,219.3422852,36.5677948,54.59999847,5.460000038,8.001700401,0.320499986,0,2.155600071,0.01,10.97483444,0.098099403,0.644090414,0.083881103,10.33074379,0.044061899,4.587555408,0.42346099,-9.206560135,1.34E-05,0.007359,0.022140499,0.016463701,-0.0056768,gas,beifiori12,137.5,5.800000191,0.01415,0.00001,0.29
NGC5728,NGC5728,1,220.5997009,-17.25317001,37.61000061,3.760999918,8.052900314,0.289499998,0,2.276799917,0.092100002,11.27567482,0.101757698,0.898901999,0.0763283,10.37677097,0.052035298,5.97897768,0.278451502,-9.540282249,1.90E-06,0.0067365,0.0136996,0.0095291,-0.0041705,gas,beifiori12,-1234,-1234,0.00932,0.00003,0.192
NGC5879,NGC5879,1,227.4447937,57.00020981,10.55000019,1.054999948,6.619999886,0.27759999,1,1.730000019,0.064499997,9.922776222,0.087146901,0.083305202,0.058222398,9.83946991,0.0490527,4.528406143,0.36528641,-10.64088345,1.63E-05,0.0042891,0.013966,0.0075942,-0.0063717,gas,beifiori12,66,13.89999962,0.00257,0.00001,0.054
NGC5921,NGC5921,1,230.485672,5.070539951,20.48999977,2.049000025,7.067399979,0.423999995,1,1.926300049,0.047800001,10.79494286,0.115941703,0.812819183,0.1116881,9.982123375,0.049699601,4.332764149,0.53222388,-10.0651741,7.70E-06,0.0117233,0.0161562,0.0057855,-0.0103708,gas,beifiori12,82.5,8.399999619,0.00494,0,0.103
NGC6300,NGC6300,1,259.2478027,-62.82054901,14.18999958,1.41900003,7.143499851,0.199000001,1,1.936400056,0.023600001,10.98285866,0.112144597,0.736534178,0.089590803,10.24632359,0.048947901,3.936132908,0.349894613,-10.39020252,7.70E-06,0.0091035,0.023660701,0.019065101,-0.0045956,gas,beifiori12,-1234,-1234,0.0037,0.00001,0.077
NGC6500,NGC6500,1,268.9991455,18.33828735,36.49000168,3.648999929,8.340600014,0.261400014,0,2.325099945,0.0121,10.90297699,0.079274699,0.496765107,0.048962001,10.40621185,0.048744399,5.590968132,0.34545961,-9.56573391,1.00E-06,0.0031529,0.0058617,0.0010987,-0.004763,gas,beifiori12,219.8000031,4.099999905,0.01002,0.00001,0.207
NGC6951,NGC6952,1,309.3086548,66.10564423,15.96000004,1.595999956,6.927199841,0.186800003,1,1.977699995,0.0447,11.00833702,0.138935,0.847884715,0.134068996,10.16045189,0.053420998,4.660478115,0.768047273,-10.31102085,8.60E-06,0.0172118,0.072156496,0.0482089,-0.023947701,gas,beifiori12,115.1999969,6.400000095,0.00475,0.00001,0.099
NGC7331,NGC7331,1,339.2670898,34.41592026,12.22999954,1.22300005,8.021499634,0.182600006,0,2.06340003,0.0154,11.13664341,0.100879297,0.571277022,0.082374297,10.56536388,0.0508877,4.635268211,0.404692411,-10.51904392,4.80E-06,0.0071863,0.027791301,0.019223001,-0.0085683,gas,beifiori12,131,4.599999905,0.00272,0,0.057
NGC7626,NGC7626,1,350.1771851,8.217063904,38.08000183,3.808000088,8.581899643,0.326599985,0,2.365999937,0.0198,11.44475555,0.093072399,0.871604681,0.078394897,10.5731535,0.051114801,5.442205429,0.303691298,-9.526917458,2.90E-06,0.0060978,0.017986801,0.0103667,-0.00762,gas,beifiori12,278.160614,3.795474052,0.01136,0.00001,0.234
NGC7682,NGC7682,1,352.2662354,3.533334017,59.27000046,5.927000046,7.558499813,0.328000009,0,2.048099995,0.060400002,10.95937634,0.101227097,0.803870916,0.100863002,10.15550137,0.057877101,5.114780426,0.394076914,-9.138915062,5.80E-06,0.0085353,0.025541799,0.018331099,-0.0072106,gas,beifiori12,-1234,-1234,0.01708,0.00001,0.349
UGC1214,UGC01214,1,25.99068642,2.349909067,59.91999817,5.992000103,7.737699986,0.181400001,1,2.02489996,0.0568,10.74273872,0.086822502,0.37569651,0.064150803,10.3670435,0.041889999,4.677270889,0.560225129,10.05281353,0.033964999,0.0049494,0.0087523,0.0058202,-0.0029321,gas,beifiori12,-1234,-1234,0.01721,0.00003,0.352
UGC1395,UGC01395,1,28.84173775,6.611701965,60.84999847,6.085000038,6.828999996,0.28490001,1,1.805799961,0.039299998,10.85926056,0.114135697,0.850938976,0.101751499,10.00832176,0.061667599,4.732640266,0.369341791,-9.116501808,7.70E-06,0.0097887,0.0077121,0.0039095,-0.0038026,gas,beifiori12,69.69999695,12.80000019,0.01723,0.00003,0.352
UGC1841,UGC01841,1,35.79885101,42.99140167,74.94999695,7.494999886,8.4708004,0.192000002,0,2.468499899,0.0363,11.9824028,0.092896201,1.485444665,0.0589565,10.49695778,0.060440101,4.709985733,0.625052989,-8.933759689,1.25E-05,0.0042263,0.0144696,-0.0065497,-0.0210193,gas,beifiori12,248.5641022,4.508834839,0.02092,0.00004,0.426
UGC7115,UGC07115,1,182.0232086,25.23727226,88.19999695,8.819999695,9.001700401,0.4454,0,2.254699945,0.082400002,11.2401123,0.090950698,0.541166782,0.071553603,10.69894695,0.056330401,6.058757305,0.885911584,-8.785523415,4.80E-06,0.0051094,0.0068577,0.0016608,-0.0051969,gas,beifiori12,238.3000031,8.899999619,0.02253,0.00001,0.458
UGC12064,UGC12064,1,337.8359375,39.35828018,34.70000076,6.699999809,8.842000008,0.519800007,0,2.411799908,0.0296,10.60570526,0.169209301,0.383966595,0.129249305,10.22173786,0.120082296,5.937113762,0.582132399,-9.616329193,9.60E-06,0.0154587,0.046313901,0.0139959,-0.032317899,gas,beifiori12,249,9.399999619,0.01669,0.00005,0.342
NGC4434,NGC4434,1,nan,nan,nan,nan,7.849999905,0.180000007,0,1.99000001,1.039999962,nan,nan,nan,nan,nan,nan,nan,nan,nan,nan,nan,nan,nan,nan,star,graham18,nan,nan,0.00357,0.00002,0.074
NGC4578,NGC4578,1,nan,nan,nan,nan,7.28000021,0.409999996,0,2.029999971,0.949999988,nan,nan,nan,nan,nan,nan,nan,nan,nan,nan,nan,nan,nan,nan,star,graham18,nan,nan,0.00764,0.00002,0.158
NGC4762,NGC4762,1,nan,nan,nan,nan,7.360000134,0.180000007,0,2.130000114,0.949999988,nan,nan,nan,nan,nan,nan,nan,nan,nan,nan,nan,nan,nan,nan,star,graham18,nan,nan,0.00329,0.00002,0.068
NSA62996,NSA62996,1,nan,nan,nan,nan,5.800000191,nan,0,1.820000052,0.479999989,nan,nan,nan,nan,nan,nan,nan,nan,nan,nan,nan,nan,nan,nan,reverb,baldassare20,nan,nan,0.04595,0.00002,0.908
NSA10779,NSA10779,1,nan,nan,nan,nan,5.440000057,nan,0,1.529999971,0.779999971,nan,nan,nan,nan,nan,nan,nan,nan,nan,nan,nan,nan,nan,nan,reverb,baldassare20,nan,nan,0.04662,0.00001,0.921
NSA125318,NSA125318,1,nan,nan,nan,nan,5,nan,0,1.610000014,0.779999971,nan,nan,nan,nan,nan,nan,nan,nan,nan,nan,nan,nan,nan,nan,reverb,baldassare20,nan,nan,0.03266,0.00001,0.656
NSA52675,NSA52675,1,nan,nan,nan,nan,6.099999905,nan,0,1.720000029,0.699999988,nan,nan,nan,nan,nan,nan,nan,nan,nan,nan,nan,nan,nan,nan,reverb,baldassare20,nan,nan,0.01538,0.00003,0.315
NSA15235,NSA15235,1,nan,nan,nan,nan,5.289999962,nan,0,1.620000005,1.149999976,nan,nan,nan,nan,nan,nan,nan,nan,nan,nan,nan,nan,nan,nan,reverb,baldassare20,nan,nan,0.02986,0.00002,0.602
NSA47066,NSA47066,1,nan,nan,nan,nan,5.420000076,nan,0,1.50999999,0.699999988,nan,nan,nan,nan,nan,nan,nan,nan,nan,nan,nan,nan,nan,nan,reverb,baldassare20,nan,nan,0.04101,0.00001,0.815
NSA18913,NSA18913,1,nan,nan,nan,nan,5.179999828,nan,0,1.519999981,1.149999976,nan,nan,nan,nan,nan,nan,nan,nan,nan,nan,nan,nan,nan,nan,reverb,baldassare20,nan,nan,0.03952,0.00001,0.787
NSA99052,NSA99052,1,nan,nan,nan,nan,5.210000038,nan,0,1.720000029,0.699999988,nan,nan,nan,nan,nan,nan,nan,nan,nan,nan,nan,nan,nan,nan,reverb,baldassare20,nan,nan,0.03164,0.00001,0.636
NSA166155,NSA166155,1,nan,nan,nan,nan,4.699999809,nan,0,1.450000048,1.049999952,nan,nan,nan,nan,nan,nan,nan,nan,nan,nan,nan,nan,nan,nan,reverb,baldassare15,nan,nan,0.0243,0,0.493
NSA79874,NSA79874,1,nan,nan,nan,nan,5.460000038,nan,0,1.450000048,0.850000024,nan,nan,nan,nan,nan,nan,nan,nan,nan,nan,nan,nan,nan,nan,reverb,baldassare16,nan,nan,0.03842,0.00001,0.766
NGC0584,NGC0584,1,nan,nan,nan,nan,8.149999619,0.189999998,0,2.279999971,0.699999988,nan,nan,nan,nan,nan,nan,nan,nan,nan,nan,nan,nan,nan,nan,star,thater19,nan,nan,0.00601,0.00001,0.125
